scene,scene_id,model,image
Washington_Monument,115699,0,commons/Washington_Monument_in_2007/0/pictures/Washington_DC_at_night.jpg
Washington_Monument,115699,0,commons/Washington_Monument_at_night/0/pictures/Washington_DC_at_night.jpg
Washington_Monument,115699,0,commons/Washington_Monument_in_2020/0/pictures/July_4_Fireworks_in_DC_31_(16743278828).jpg
Washington_Monument,115699,0,commons/Washington_Monument_in_2020/0/pictures/July_4_Fireworks_in_DC_24_(16723604877).jpg
Washington_Monument,115699,0,commons/Washington_Monument_in_2020/0/pictures/July_4_Fireworks_in_DC_29_(16743274318).jpg
Washington_Monument,115699,0,commons/Washington_Monument_in_2020/0/pictures/July_4_Fireworks_in_DC_16_(16744710509).jpg
Washington_Monument,115699,0,commons/Washington_Monument_in_2020/0/pictures/July_4_Fireworks_in_DC_28_(16744738769).jpg
Washington_Monument,115699,0,commons/Washington_Monument_in_2020/0/pictures/July_4_Fireworks_in_DC_15_(16744708459).jpg
Washington_Monument,115699,0,commons/Washington_Monument_in_2020/0/pictures/July_4_Fireworks_in_DC_27_(16743269698).jpg
Washington_Monument,115699,0,commons/Washington_Monument_in_2020/0/pictures/July_4_Fireworks_in_DC_14_(16929927961).jpg
Washington_Monument,115699,0,commons/Washington_Monument_in_2020/0/pictures/July_4_Fireworks_in_DC_26_(16308551544).jpg
Washington_Monument,115699,0,commons/Washington_Monument_in_2020/0/pictures/July_4_Fireworks_in_DC_13_(16929616852).jpg
Washington_Monument,115699,0,commons/Washington_Monument_in_2020/0/pictures/July_4_Fireworks_in_DC_12_(16929615022).jpg
Washington_Monument,115699,1,commons/Washington_Monument_in_2020/0/pictures/July_4_Fireworks_in_DC_35_(16308571674).jpg
Washington_Monument,115699,1,commons/Washington_Monument_in_2007/0/pictures/Washington_DC_at_night.jpg
Washington_Monument,115699,1,commons/Washington_Monument_at_night/0/pictures/National_Mall_and_Memorial_Parks_Netherlands_Carillon_Night_View.jpg
Washington_Monument,115699,1,commons/Washington_Monument_at_night/0/pictures/Fourth_of_July_Fireworks_at_Washington_DC_-_2.jpg
Washington_Monument,115699,1,commons/Washington_Monument_at_night/0/pictures/Fourth_of_July_Fireworks_at_Washington_DC_-_1.jpg
Washington_Monument,115699,1,commons/Washington_Monument_in_2020/0/pictures/July_4_Fireworks_in_DC_31_(16743278828).jpg
Washington_Monument,115699,1,commons/Washington_Monument_in_2020/0/pictures/July_4_Fireworks_in_DC_23_(16722104238).jpg
Washington_Monument,115699,1,commons/Washington_Monument_in_2020/0/pictures/July_4_Fireworks_in_DC_22_(16743486000).jpg
Washington_Monument,115699,1,commons/Washington_Monument_in_2020/0/pictures/July_4_Fireworks_in_DC_30_(16723618777).jpg
Washington_Monument,115699,1,commons/Washington_Monument_in_2020/0/pictures/July_4_Fireworks_in_DC_01_(16743447520).jpg
Washington_Monument,115699,2,commons/Washington_Monument_in_winter/0/pictures/Washington_Monument_in_winter_2_(45241325311).jpg
Washington_Monument,115699,2,commons/Washington_Monument_in_autumn/0/pictures/WashingtonMonument_DSC_1943.jpg
Washington_Monument,115699,2,commons/Washington_Monument_in_2023/0/pictures/WashingtonMonumentDay2a.jpg
Washington_Monument,115699,2,commons/Washington_Monument_in_2022/0/pictures/Washington_Monument_2022.jpg
Washington_Monument,115699,2,"commons/Washington_Monument_in_2021/0/pictures/Washington_Monument_with_around_700'000_white_flags,_one_for_every_person_who_died_of_Covid.jpg"
Washington_Monument,115699,2,"commons/Washington_Monument_in_2020/0/pictures/2020.09.12_DC_Street,_Washington,_DC_USA_256_50240_(50339544621).jpg"
Washington_Monument,115699,2,"commons/Washington_Monument_in_2018/0/pictures/The_Monument,_Capitol_(Washington)_(45192426812).jpg"
Washington_Monument,115699,2,"commons/Washington_Monument_in_2018/0/pictures/2018_St._Patrick's_Day_in_Washington,_D.C.jpg"
Washington_Monument,115699,2,"commons/Washington_Monument_in_2017/0/pictures/March_for_Science,_Washington,_DC_(34052398582).jpg"
Washington_Monument,115699,2,commons/Washington_Monument_in_2017/0/pictures/Climate92_(34995099965).jpg
Washington_Monument,115699,2,"commons/Washington_Monument_in_2017/0/pictures/2017.06.11_Equality_March_2017,_Washington,_DC_USA_6585_(35271791445).jpg"
Washington_Monument,115699,2,"commons/Washington_Monument_in_2016/0/pictures/Washington,_Monument_(30313221223).jpg"
Washington_Monument,115699,2,commons/Washington_Monument_in_2016/0/pictures/Washington_October_2016-6_(cropped)_(cropped).jpg
Washington_Monument,115699,2,commons/Washington_Monument_in_2016/0/pictures/Washington_October_2016-11.jpg
Washington_Monument,115699,2,commons/Washington_Monument_in_2016/0/pictures/Washington_Monument123.jpg
Washington_Monument,115699,2,commons/Washington_Monument_in_2016/0/pictures/Washington_Monument_With_Clouds.jpg
Washington_Monument,115699,2,commons/Washington_Monument_in_2016/0/pictures/Washington_Monument_03.jpg
Washington_Monument,115699,2,commons/Washington_Monument_in_2016/0/pictures/Washington_Monument_-_2016_-_2.jpg
Washington_Monument,115699,2,commons/Washington_Monument_in_2016/0/pictures/Washington_Monument_&_Blue_Sky.png
Washington_Monument,115699,2,"commons/Washington_Monument_in_2016/0/pictures/The_Washington_Monument,_in_DC.jpg"
Washington_Monument,115699,2,commons/Washington_Monument_in_2016/0/pictures/Jim_Schmid_Monument.jpg
Washington_Monument,115699,2,commons/Washington_Monument_in_2016/0/pictures/Building_A_16_August_2016.jpg
Washington_Monument,115699,2,commons/Washington_Monument_in_2016/0/pictures/50_Flags_at_Half_Staff_(27067873524).jpg
Washington_Monument,115699,2,commons/Washington_Monument_in_2015/0/pictures/Washington_Monument-A_04.jpg
Washington_Monument,115699,2,commons/Washington_Monument_in_2015/0/pictures/Washington_Monument_From_the_Side.jpg
Washington_Monument,115699,2,commons/Washington_Monument_in_2015/0/pictures/Washington_Monument_April_2015.JPG
Washington_Monument,115699,2,commons/Washington_Monument_in_2015/0/pictures/Monument_@_Nite.jpg
Washington_Monument,115699,2,"commons/Washington_Monument/0/pictures/Washington,_D.C._-_panoramio_(197).jpg"
Washington_Monument,115699,2,commons/Washington_Monument/0/pictures/COVID-19_National_Mall_Memorial_-_Ron_Cogwell_48.jpg
Washington_Monument,115699,2,commons/Washington_Monument_in_2010/0/pictures/DC_8_1_(6633707927).jpg
Washington_Monument,115699,2,commons/Washington_Monument/0/pictures/Wash_Monument.jpg
Washington_Monument,115699,2,commons/Washington_Monument_in_the_2010s/0/pictures/Clouds_over_Washington_Monument.jpg
Washington_Monument,115699,2,commons/Washington_Monument/0/pictures/Washington_Monument_-_01.jpg
Washington_Monument,115699,2,commons/Washington_Monument_in_autumn/0/pictures/President_Trump_Departs_for_Louisiana_(49069309741).jpg
Washington_Monument,115699,2,commons/Washington_Monument/0/pictures/Washington_Monument_during_kite_festival.jpg
Washington_Monument,115699,2,commons/Washington_Monument/0/pictures/Washington_Monument_Silhouette_(107451655).jpeg
Washington_Monument,115699,2,commons/Washington_Monument_in_2012/0/pictures/Washington_Monument_2012.jpg
Washington_Monument,115699,2,commons/Washington_Monument/0/pictures/Washington_Monument_July_2023.jpg
Washington_Monument,115699,2,commons/Washington_Monument_in_2012/0/pictures/Washington_Monument_-_01.jpg
Washington_Monument,115699,2,commons/Washington_Monument_in_2010/0/pictures/EM_DSC_1868_(5185520597).jpg
Washington_Monument,115699,2,commons/Washington_Monument/0/pictures/Washington_Monument_F9K62330.jpg
Washington_Monument,115699,2,commons/Photographs_of_flags_of_the_United_States_at_the_Washington_Monument/0/pictures/Washington_Monument_flags.jpg
Washington_Monument,115699,2,commons/Washington_Monument/0/pictures/Washington_Monument-12.jpg
Washington_Monument,115699,2,commons/Washington_Monument/0/pictures/Wash_Monument_2.jpg
Washington_Monument,115699,2,commons/Washington_Monument/0/pictures/Washington_Monument_DSC_0688.jpg
Washington_Monument,115699,2,commons/Washington_Monument/0/pictures/Washington_Monument_B&W_(48877426993).jpg
Washington_Monument,115699,2,commons/Washington_Monument/0/pictures/Washington_Monument_2016_MHenefield.jpg
Washington_Monument,115699,2,commons/Washington_Monument_in_2007/0/pictures/Washington_Monument_-_April_2007_-_2747.jpg
Washington_Monument,115699,2,commons/Washington_Monument/0/pictures/Washington_Monument_11.jpg
Washington_Monument,115699,2,"commons/Washington_Monument_from_the_White_House/0/pictures/President_Trump,_First_Lady_Melania_Trump,_President_Duda,_and_Mrs._Duda_Watch_an_F-35_Flyover_(48055779157).jpg"
Washington_Monument,115699,2,commons/Washington_Monument/0/pictures/Washington_Monument_in_November_2006_05.jpg
Washington_Monument,115699,2,commons/Washington_Monument/0/pictures/The_Washington_Monument_Stands_Tall.jpg
Washington_Monument,115699,2,commons/Washington_Monument_from_the_White_House/0/pictures/Marine_One_Lands_on_the_South_Lawn_(40548776213).jpg
Washington_Monument,115699,2,"commons/Washington_Monument_in_2018/0/pictures/The_Monument,_Capitol_2_(Washington)_(45192429242).jpg"
Washington_Monument,115699,2,commons/Washington_Monument/0/pictures/Washington_Monument_1.jpg
Washington_Monument,115699,2,commons/Washington_Monument_Lodge/0/pictures/Washington_Monument_Lodge_(60388060-174b-49a6-ada0-f4fdef2d57d3).jpg
Washington_Monument,115699,2,commons/Washington_Monument/0/pictures/Washington_Monument_-_panoramio_(1).jpg
Washington_Monument,115699,2,commons/Washington_Monument_in_winter/0/pictures/The_National_Mall_(50896062901).jpg
Washington_Monument,115699,2,commons/Washington_Monument/0/pictures/Washington_F2477_(7144738003).jpg
Washington_Monument,115699,2,commons/Washington_Monument_from_below/0/pictures/Washington_Monument_(14140479808).jpg
Washington_Monument,115699,2,commons/Washington_Monument_in_2019/0/pictures/President_Trump_Departs_for_Louisiana_(49069309741).jpg
Washington_Monument,115699,2,commons/Washington_Monument_in_2021/0/pictures/An_Unobstructed_View_of_the_Washington_Monument.jpg
Washington_Monument,115699,2,commons/Washington_Monument_at_night/0/pictures/Washington_Monument_at_night_3.jpg
Washington_Monument,115699,2,commons/Washington_Monument_from_below/0/pictures/Washington_Monument_on_one_Spring_afternoon.jpg
Washington_Monument,115699,2,commons/Washington_Monument_in_2011/0/pictures/201107604-OC-LSC-0215_(5903282949).jpg
Washington_Monument,115699,2,commons/Washington_Monument_in_2019/0/pictures/Marine_One_Lands_on_the_South_Lawn_(40548776213).jpg
Washington_Monument,115699,2,commons/Washington_Monument/0/pictures/Washington_Monument_(4).jpg
Washington_Monument,115699,2,commons/Washington_Monument_in_2019/0/pictures/Marine_One_Lands_on_the_South_Lawn_(32572473777).jpg
Washington_Monument,115699,2,commons/Washington_Monument/0/pictures/Washington_Memorial_Monument.jpg
Washington_Monument,115699,2,"commons/Washington_Monument_in_2004/0/pictures/Scaffold_going_up_for_""March_for_Womens_Lives""_(14133134).jpg"
Washington_Monument,115699,2,commons/Washington_Monument/0/pictures/Washington_Memorial_D.C_-_panoramio.jpg
Washington_Monument,115699,2,commons/Washington_Monument/0/pictures/Washington_Monument_Re.jpg
Washington_Monument,115699,2,commons/Photographs_of_flags_of_the_United_States_at_the_Washington_Monument/0/pictures/Washington_Monument-11.jpg
Washington_Monument,115699,2,commons/Washington_Monument_in_2016/0/pictures/Washington_October_2016-2.jpg
Washington_Monument,115699,2,commons/Washington_Monument_at_night/0/pictures/Monument_@_Nite.jpg
Washington_Monument,115699,2,commons/Washington_Monument/0/pictures/Washington_Memorial_2.jpg
Washington_Monument,115699,2,commons/Washington_Monument/0/pictures/WM_security_renovation_2.jpg
Washington_Monument,115699,2,commons/Washington_Monument_in_2015/0/pictures/201504_Washington_DC_1208.jpg
Washington_Monument,115699,2,commons/Washington_Monument/0/pictures/Washington_Monument-10.jpg
Washington_Monument,115699,2,commons/Washington_Monument/0/pictures/WM_security_renovation_1.jpg
Washington_Monument,115699,2,"commons/Washington_Monument_in_2018/0/pictures/Washington-_The_Man,_The_City,_The_Monument_(346dbf4c-e548-4b94-aa3e-468bfb1fd633).jpg"
Washington_Monument,115699,2,commons/Washington_Monument/0/pictures/View_of_the_Washington_Monument_with_Flags.jpg
Washington_Monument,115699,2,commons/Washington_Monument_from_below/0/pictures/Washington_Monument_(15674803398).jpg
Washington_Monument,115699,2,commons/Photographs_of_flags_of_the_United_States_at_the_Washington_Monument/0/pictures/Washington_Monument_and_Flag.JPG
Washington_Monument,115699,2,commons/Washington_Monument/0/pictures/Washington_Monument_From_North.jpg
Washington_Monument,115699,2,commons/Washington_Monument_in_2012/0/pictures/Washington_D.C._-_Washington_Monument_0015.jpg
Washington_Monument,115699,2,commons/Washington_Monument_in_spring/0/pictures/Marine_One_Lands_on_the_South_Lawn_(40548776213).jpg
Washington_Monument,115699,2,commons/Photographs_of_flags_of_the_United_States_at_the_Washington_Monument/0/pictures/Washington_Monument-10.jpg
Washington_Monument,115699,2,commons/Washington_Monument_in_2012/0/pictures/Washington_Monument_-_July_2012.JPG
Washington_Monument,115699,2,commons/Washington_Monument_in_2015/0/pictures/Día_de_la_Tierra_(17192105631).jpg
Washington_Monument,115699,2,commons/Washington_Monument/0/pictures/Washington_Monument-7.jpg
Washington_Monument,115699,2,commons/Washington_Monument_in_2014/0/pictures/Washington_Monument_Washington_DC.JPG
Washington_Monument,115699,2,commons/Washington_Monument_from_below/0/pictures/Stormy_Times_Over_Democracy!.jpg
Washington_Monument,115699,2,commons/Washington_Monument/0/pictures/Washington_Monument_F9K62314.jpg
Washington_Monument,115699,2,commons/Photographs_of_flags_of_the_United_States_at_the_Washington_Monument/0/pictures/Washington_Monument_and_United_States'_flag.jpg
Washington_Monument,115699,2,commons/Washington_Monument_in_2009/0/pictures/2009_01_20_-_0707_-_Washington_DC_-_Washington_Monument_(3218780973).jpg
Washington_Monument,115699,2,commons/Washington_Monument_in_winter/0/pictures/2016_January_Washington_D.C._Monument_during_the_blizzard_02.jpg
Washington_Monument,115699,2,commons/Photographs_of_flags_of_the_United_States_at_the_Washington_Monument/0/pictures/Washington_Monument_on_a_partly_cloudy_day.jpg
Washington_Monument,115699,2,commons/Washington_Monument_in_2012/0/pictures/Washington_Monument_(v._Osten).JPG
Washington_Monument,115699,2,commons/Washington_Monument/0/pictures/Washington_Monument-3.jpg
Washington_Monument,115699,2,commons/Washington_Monument/0/pictures/Wash_Monument_April_2011.jpg
Washington_Monument,115699,2,commons/Washington_Monument/0/pictures/Washington_Monument_DSC_0687.jpg
Washington_Monument,115699,2,"commons/Washington_Monument/0/pictures/Washington,_D.C._-_panoramio_(196).jpg"
Washington_Monument,115699,2,commons/Washington_Monument_in_2020/0/pictures/The_Washington_Monument_--_The_National_Mall_(DC)_June_2020_(50053763573).jpg
Washington_Monument,115699,2,commons/Washington_Monument_in_2010/0/pictures/EM_DSC_1872_(5186126998).jpg
Washington_Monument,115699,2,"commons/Washington_Monument_in_autumn/0/pictures/2020.09.12_DC_Street,_Washington,_DC_USA_256_50240_(50339544621).jpg"
Washington_Monument,115699,2,"commons/Washington_Monument_in_2015/0/pictures/Washington_Monument,_DC.jpg"
Washington_Monument,115699,2,commons/Washington_Monument/0/pictures/Washington_monument.jpg
Washington_Monument,115699,2,commons/Washington_Monument/0/pictures/Dusky_Washington_Monument.jpg
Washington_Monument,115699,2,"commons/Washington_Monument_in_2010/0/pictures/Washington_Monument_in_Washington,_DC.jpg"
Washington_Monument,115699,2,commons/Washington_Monument_in_winter/0/pictures/National_Menorah_Washington_DC_USA_50587_(15468305244).jpg
Washington_Monument,115699,2,commons/Washington_Monument_at_night/0/pictures/Washington_Monument_(6).jpg
Washington_Monument,115699,2,commons/Washington_Monument/0/pictures/Seeing_Stars_on_the_National_Mall_(21491954846).jpg
Washington_Monument,115699,2,commons/Photographs_of_flags_of_the_United_States_at_the_Washington_Monument/0/pictures/Washmon-inaug.jpg
Washington_Monument,115699,2,commons/Photographs_of_flags_of_the_United_States_at_the_Washington_Monument/0/pictures/Washington_Monument_4.jpg
Washington_Monument,115699,2,"commons/Washington_Monument/0/pictures/Northwest_Washington,_Washington,_DC,_USA_-_panoramio_(11).jpg"
Washington_Monument,115699,2,commons/Washington_Monument/0/pictures/Washington_Monument_2015.jpg
Washington_Monument,115699,2,"commons/Washington_Monument/0/pictures/The_Washington_Monument_in_Washington,_DC.jpg"
Washington_Monument,115699,2,commons/Washington_Monument_in_2020/0/pictures/Washington_Monument_and_Lincoln_Memorial_--_National_Mall_Washington_(DC)_June_2020_(50045485667).jpg
Washington_Monument,115699,2,commons/Washington_Monument_in_2016/0/pictures/Washington_Monument123_(cropped).jpg
Washington_Monument,115699,2,commons/Washington_Monument_in_2009/0/pictures/We_Are_One_IMG_1653_(3235142659).jpg
Washington_Monument,115699,2,commons/Photographs_of_flags_of_the_United_States_at_the_Washington_Monument/0/pictures/Washington_Monument_2022.jpg
Washington_Monument,115699,2,commons/Photographs_of_flags_of_the_United_States_at_the_Washington_Monument/0/pictures/Washington_Monument-12.jpg
Washington_Monument,115699,2,commons/Washington_Monument/0/pictures/Washington_Monument_DSC_0684.jpg
Washington_Monument,115699,2,commons/Washington_Monument/0/pictures/Washington_Monument_5_(27804171615).jpg
Washington_Monument,115699,2,commons/Washington_Monument_in_spring/0/pictures/Marine_One_Lands_on_the_South_Lawn_(32572473777).jpg
Washington_Monument,115699,2,commons/Washington_Monument_in_2020/0/pictures/The_Washington_Monument_--_The_National_Mall_Washington_(DC)_June_2020_(50044664883).jpg
Washington_Monument,115699,2,commons/Washington_Monument_in_2010/0/pictures/EM_DSC_1870_(5185523039).jpg
Washington_Monument,115699,2,"commons/Photographs_of_flags_of_the_United_States_at_the_Washington_Monument/0/pictures/Washington,_D.C._with_tourists_15.JPG"
Washington_Monument,115699,2,commons/Washington_Monument/0/pictures/Washington_Monument_(48877919566).jpg
Washington_Monument,115699,2,commons/Washington_Monument_in_2012/0/pictures/Washington_Monument_2012_5.jpg
Washington_Monument,115699,2,commons/Washington_Monument/0/pictures/Washington_Memorial_-_Washington_DC_-_United_States_Capital_-_October_2010_(5132704363).jpg
Washington_Monument,115699,2,commons/Washington_Monument_from_below/0/pictures/Washington_Monument_(14347334993).jpg
Washington_Monument,115699,2,commons/Photographs_of_flags_of_the_United_States_at_the_Washington_Monument/0/pictures/Washington_Monument-A_04.jpg
Washington_Monument,115699,2,commons/Washington_Monument_in_2016/0/pictures/Washington_October_2016-6_(cropped).jpg
Washington_Monument,115699,2,commons/Washington_Monument_at_night/0/pictures/Monument_in_the_Mist.JPG
Washington_Monument,115699,2,commons/Washington_Monument/0/pictures/Washington_Monument_(48848112331).jpg
Washington_Monument,115699,2,commons/Washington_Monument_in_2012/0/pictures/Washington_Monument_2012_3.jpg
Washington_Monument,115699,2,"commons/Washington_Monument_in_2019/0/pictures/President_Trump,_First_Lady_Melania_Trump,_President_Duda,_and_Mrs._Duda_Watch_an_F-35_Flyover_(48055779157).jpg"
Washington_Monument,115699,2,commons/Washington_Monument/0/pictures/Washington_Monument_Hines.jpg
Washington_Monument,115699,2,commons/Washington_Monument_in_2020/0/pictures/President_Trump_Departs_for_Florida_(49942688302).jpg
Washington_Monument,115699,2,commons/Washington_Monument/0/pictures/Washington_Monument-5.jpg
Washington_Monument,115699,2,"commons/Washington_Monument/0/pictures/'A_Lonely_Morning_on_the_National_Mall'_Washington_(DC)_June_24,_2020_(50053765728).jpg"
Washington_Monument,115699,2,commons/Washington_Monument_in_2018/0/pictures/Afternoon_in_DC.jpg
Washington_Monument,115699,2,commons/Washington_Monument/0/pictures/Washington_Monument_&_WWII_Memorial.jpg
Washington_Monument,115699,2,commons/Washington_Monument_in_2010/0/pictures/Washington_Monument_-_east_side.JPG
Washington_Monument,115699,2,"commons/Washington_Monument_in_2008/0/pictures/Washington_Monument_-_Washington,_D.C..jpg"
Washington_Monument,115699,2,commons/Washington_Monument/0/pictures/Washington_Monument_WAMO_F9K62314.jpg
Washington_Monument,115699,2,commons/Washington_Monument/0/pictures/Washington_Monument_DH_(2).jpg
Washington_Monument,115699,2,commons/Photographs_of_flags_of_the_United_States_at_the_Washington_Monument/0/pictures/50_Flags_at_Half_Staff_(27067873524).jpg
Washington_Monument,115699,2,commons/Washington_Monument_Lodge/0/pictures/Washington_monument_visitors_center_0962.jpg
Washington_Monument,115699,2,commons/Washington_Monument_in_2011/0/pictures/Wiki_leaks_truck_washington_monument_(5808267787).jpg
Washington_Monument,115699,2,commons/Washington_Monument/0/pictures/Washington_Monument_1_(27636780201).jpg
Washington_Monument,115699,2,commons/Washington_Monument_in_2014/0/pictures/Washington_Monument_November_2014_photo_D_Ramey_Logan.jpg
Washington_Monument,115699,2,commons/Washington_Monument_in_2022/0/pictures/The_National_Mall_(50896062901).jpg
Washington_Monument,115699,2,commons/Washington_Monument/0/pictures/The_Washington_Monument_at_night.jpg
Washington_Monument,115699,2,commons/Washington_Monument/0/pictures/Looking_S_-_Washington_Monument_-_Washington_DC_-_2013-12-31_(11829464085).jpg
Washington_Monument,115699,2,commons/Washington_Monument_in_2016/0/pictures/Washington_October_2016-6.jpg
Washington_Monument,115699,2,commons/Washington_Monument_in_2020/0/pictures/Washington_Monument_with_American_flags_on_a_gorgeous_Fall_day.jpg
Washington_Monument,115699,2,commons/Washington_Monument/0/pictures/Washington_Monument-11.jpg
Washington_Monument,115699,2,commons/Washington_Monument_from_below/0/pictures/Washington_Monument_-_Kauper_Films.jpg
Washington_Monument,115699,2,commons/Washington_Monument_from_the_White_House/0/pictures/President_Trump_Departs_for_Louisiana_(49069309741).jpg
Washington_Monument,115699,2,commons/Washington_Monument_in_2010/0/pictures/Washington_Monument_-_east_face.JPG
Washington_Monument,115699,2,commons/Washington_Monument_in_2014/0/pictures/Bus_Load.jpg
Washington_Monument,115699,2,"commons/Washington_Monument_in_spring/0/pictures/2018_St._Patrick's_Day_in_Washington,_D.C.jpg"
Washington_Monument,115699,2,"commons/Photographs_of_flags_of_the_United_States_at_the_Washington_Monument/0/pictures/Washington_Monument_(Washington_D.C.,_Estados_Unidos)_001.jpg"
Washington_Monument,115699,2,commons/Washington_Monument/0/pictures/85O_1790.jpg
Washington_Monument,115699,2,commons/Washington_Monument_in_2023/0/pictures/Washington_Monument_before_sunrise.jpg
Washington_Monument,115699,2,commons/Washington_Monument/0/pictures/The_Washington_Monument_2018.jpg
Washington_Monument,115699,2,commons/Washington_Monument_in_2021/0/pictures/The_Washington_Monument_from_an_Angle.jpg
Washington_Monument,115699,2,"commons/Washington_Monument_in_2012/0/pictures/Buildings_in_Washington,_D.C._01909.JPG"
Washington_Monument,115699,2,commons/Washington_Monument_in_2009/0/pictures/We_Are_One_IMG_2303_(3209125506).jpg
Washington_Monument,115699,2,commons/Washington_Monument_in_autumn/0/pictures/Washington_Monument_with_American_flags_on_a_gorgeous_Fall_day.jpg
Washington_Monument,115699,2,commons/Washington_Monument/0/pictures/Washington's_Great_Obelisk.jpg
Washington_Monument,115699,2,commons/Washington_Monument/0/pictures/Washington_Monument_(48741141902).jpg
Washington_Monument,115699,2,commons/Washington_Monument/0/pictures/Washington_DC_-_panoramio_(6).jpg
Washington_Monument,115699,2,commons/Washington_Monument_in_2023/0/pictures/Washington_Monument_near_sunrise.jpg
Washington_Monument,115699,2,commons/Washington_Monument_at_night/0/pictures/Washington_Monument_at_night_1.jpg
Washington_Monument,115699,2,commons/Washington_Monument/0/pictures/Shed_His_Grace_on_Thee.jpg
Washington_Monument,115699,2,commons/Washington_Monument/0/pictures/Washington_Monument_July_2020.jpg
Washington_Monument,115699,2,commons/Washington_Monument_at_sunrise/0/pictures/Washington_Monument_sunrise_2023.jpg
Washington_Monument,115699,2,commons/Washington_Monument/0/pictures/The_Monument_blue_sky_(Washington)_(30302955377).jpg
Washington_Monument,115699,2,commons/Washington_Monument/0/pictures/Washington_Monument_1_WDC.JPG
Washington_Monument,115699,2,commons/Washington_Monument_in_2016/0/pictures/Washington_Monument_-.jpg
Washington_Monument,115699,2,commons/Washington_Monument/0/pictures/Monumento_a_Georges_Washington-2023_02.jpg
Washington_Monument,115699,2,commons/Washington_Monument_Lodge/0/pictures/Washington_monument_visitors_center_963.jpg
Washington_Monument,115699,2,commons/Washington_Monument/0/pictures/Washington_Monument-8.jpg
Washington_Monument,115699,2,commons/Washington_Monument_in_2007/0/pictures/Paige_(Displaced)_in_DC.jpg
Washington_Monument,115699,2,commons/Washington_Monument_in_2009/0/pictures/Washington_monument_(3452047348).jpg
Washington_Monument,115699,2,commons/Washington_Monument/0/pictures/Washington_Monument_72.jpg
Washington_Monument,115699,2,"commons/Washington_Monument_in_2011/0/pictures/Washington,_D.C._with_tourists_20.JPG"
Washington_Monument,115699,2,commons/Washington_Monument/0/pictures/Together_We_Are_Stronger_(183361703).jpeg
Washington_Monument,115699,2,commons/Washington_Monument/0/pictures/Washmonument2.jpg
Washington_Monument,115699,2,commons/Washington_Monument/0/pictures/Washington_Monument_in_November_2006_04.jpg
Washington_Monument,115699,2,"commons/Washington_Monument_in_2014/0/pictures/The_Washington_Monument,_Washington,_DC_July.JPG"
Washington_Monument,115699,2,"commons/Washington_Monument/0/pictures/Women's_March_Washington,_DC_USA_41.jpg"
Washington_Monument,115699,2,"commons/Washington_Monument/0/pictures/Women's_March_Washington,_DC_USA_47.jpg"
Washington_Monument,115699,2,commons/Washington_Monument_in_2011/0/pictures/Washington_Monument_Cloudy_Day.jpg
Washington_Monument,115699,2,"commons/Washington_Monument/0/pictures/Women's_March_Washington,_DC_USA_48.jpg"
Washington_Monument,115699,2,commons/Washington_Monument_at_night/0/pictures/034.jpg_Washington_monument.jpg
Washington_Monument,115699,2,commons/Washington_Monument_in_2012/0/pictures/2012-07-10_Washington_Monument.jpg
Washington_Monument,115699,2,commons/Washington_Monument/0/pictures/S24_Mainstream_6.jpg
Washington_Monument,115699,2,commons/Washington_Monument_at_night/0/pictures/Saturn_and_Jupiter_Conjunction_(NHQ202012170005).jpg
Washington_Monument,115699,2,commons/Washington_Monument_in_2011/0/pictures/The_Washington_Monument.jpg
Washington_Monument,115699,2,commons/Washington_Monument_at_night/0/pictures/Washington_D.C._35.jpg
Washington_Monument,115699,2,commons/Washington_Monument_at_night/0/pictures/Washington_D.C._37.jpg
Washington_Monument,115699,2,"commons/Washington_Monument_in_2013/0/pictures/Spectators_gather_on_the_National_Mall_in_Washington,_D.C.,_for_the_57th_presidential_inauguration_130121-M-AR635-035.jpg"
Washington_Monument,115699,2,commons/Washington_Monument_in_2011/0/pictures/Washington_Monument_(5945805955).jpg
Washington_Monument,115699,2,commons/Washington_Monument/0/pictures/The_Washington_Monument_Under_a_Stormy_Sky.jpg
Washington_Monument,115699,2,commons/Washington_Monument_at_night/0/pictures/Washington_D.C._38.jpg
Washington_Monument,115699,2,commons/Washington_Monument_in_2023/0/pictures/Monumento_a_Georges_Washington-2023_02.jpg
Washington_Monument,115699,2,commons/Washington_Monument_at_night/0/pictures/Washington_Monument_and_Capitol_From_the_Lincoln_Memorial_(51705152996).jpg
Washington_Monument,115699,2,commons/Washington_Monument_from_below/0/pictures/Washington_Monument_(14326452454).jpg
Washington_Monument,115699,2,commons/Washington_Monument_at_night/0/pictures/Washington_Monument_at_blue_hour.jpg
Washington_Monument,115699,2,commons/Washington_Monument/0/pictures/Washington_Monument-6.jpg
Washington_Monument,115699,2,"commons/Washington_Monument_from_below/0/pictures/Washington_Monument_Obelisk,_June_7,_2012_-_panoramio.jpg"
Washington_Monument,115699,2,commons/Washington_Monument_in_2023/0/pictures/Washington_Monument_sunrise_2023.jpg
Washington_Monument,115699,2,"commons/Washington_Monument_in_2012/0/pictures/Northwest_Washington,_Washington,_DC,_USA_-_panoramio_(11).jpg"
Washington_Monument,115699,2,commons/Washington_Monument_at_night/0/pictures/Washington_Monument_at_night_2.jpg
Washington_Monument,115699,2,commons/Washington_Monument_at_night/0/pictures/Washington_Monument_before_sunrise.jpg
Washington_Monument,115699,2,commons/Washington_Monument_at_night/0/pictures/Washington_monument_at_night.jpg
Washington_Monument,115699,2,"commons/Washington_Monument_at_night/0/pictures/Washington,_D.C._-_panoramio_(190).jpg"
Washington_Monument,115699,2,commons/Photographs_of_flags_of_the_United_States_at_the_Washington_Monument/0/pictures/Obama_Inauguration_IMG_2730_(3217055638).jpg
Washington_Monument,115699,2,commons/Washington_Monument_at_sunrise/0/pictures/Washington_Monument_near_sunrise.jpg
Washington_Monument,115699,2,commons/Washington_Monument/0/pictures/Washington_Monument_-_panoramio_(10).jpg
Washington_Monument,115699,2,"commons/Washington_Monument_in_2012/0/pictures/Washington_Monument,_july_2012.JPG"
Washington_Monument,115699,2,"commons/Photographs_of_flags_of_the_United_States_at_the_Washington_Monument/0/pictures/Washington_Monument_(Washington_D.C.,_Estados_Unidos)_002.jpg"
Washington_Monument,115699,2,commons/Washington_Monument_at_sunset/0/pictures/50_Flags_at_Half_Staff_(27067873524).jpg
Washington_Monument,115699,2,commons/Photographs_of_flags_of_the_United_States_at_the_Washington_Monument/0/pictures/Washington_Monument_DSC_0358.jpg
Washington_Monument,115699,2,commons/Washington_Monument_at_sunset/0/pictures/Sunset_on_the_Washington_Monument.jpg
Washington_Monument,115699,2,commons/Washington_Monument_at_sunset/0/pictures/Washington_Monument_under_a_pink_sunset.jpg
Washington_Monument,115699,2,commons/Washington_Monument_in_2020/0/pictures/Washington_Monument_July_2020.jpg
Washington_Monument,115699,2,commons/Washington_Monument_in_2009/0/pictures/Washmon-inaug.jpg
Washington_Monument,115699,2,"commons/Washington_Monument_in_2019/0/pictures/The_Washington_Monument_in_the_midst_of_spring,_Washington_D.C.jpg"
Washington_Monument,115699,2,commons/Washington_Monument_from_below/0/pictures/Washington_Monument_(14140621077).jpg
Washington_Monument,115699,2,commons/Washington_Monument_from_below/0/pictures/Washington_Monument_(15674804908).jpg
Washington_Monument,115699,2,commons/Washington_Monument/0/pictures/Washington_Monument-4.jpg
Washington_Monument,115699,2,"commons/WLMUS_2021_images_of_the_Washington_Monument/0/pictures/Washington_Monument_with_around_700'000_white_flags,_one_for_every_person_who_died_of_Covid.jpg"
Washington_Monument,115699,2,commons/Washington_Monument_from_below/0/pictures/Washington_Monument_2012_6.jpg
Washington_Monument,115699,2,commons/Washington_Monument/0/pictures/Washington_Monument-9.jpg
Washington_Monument,115699,2,commons/Washington_Monument_from_below/0/pictures/Washington_Monument_and_Flag.JPG
Washington_Monument,115699,2,commons/Washington_Monument_from_other_locations/0/pictures/Washington_Monument_as_seen_from_the_Old_Post_Office_Pavilion.JPG
Washington_Monument,115699,2,"commons/Washington_Monument/0/pictures/Women's_March_Washington,_DC_USA_42.jpg"
Washington_Monument,115699,2,commons/Washington_Monument_from_other_locations/0/pictures/Washington_Monument_from_afar_in_the_sun.jpg
Washington_Monument,115699,2,commons/Washington_Monument_at_sunrise/0/pictures/Washington_Monument_2023_sunrise.jpg
Washington_Monument,115699,2,commons/Washington_Monument_from_the_National_World_War_II_Memorial/0/pictures/WWII_Mem_and_Washington_Monument.jpg
Washington_Monument,115699,2,commons/Photographs_of_flags_of_the_United_States_at_the_Washington_Monument/0/pictures/Wash_Monument_April_2011.jpg
Washington_Monument,115699,2,commons/Washington_Monument_at_sunrise/0/pictures/Washington_Monument-A_04.jpg
Washington_Monument,115699,2,commons/Washington_Monument_from_the_National_World_War_II_Memorial/0/pictures/Washington_Monument_from_World_War_II_Memorial.jpg
Washington_Monument,115699,2,commons/Washington_Monument_from_the_National_World_War_II_Memorial/0/pictures/World_War_II_Memorial_Fountain.jpg
Washington_Monument,115699,2,commons/Washington_Monument_in_2009/0/pictures/We_Are_One_IMG_1652_(3235143293).jpg
Washington_Monument,115699,2,commons/Washington_Monument_from_the_White_House/0/pictures/Marine_One_Lands_on_the_South_Lawn_(32572473777).jpg
Washington_Monument,115699,2,commons/Washington_Monument/0/pictures/Washington_Monument_in_D.C.jpg
Washington_Monument,115699,2,"commons/Washington_Monument_in_2005/0/pictures/US_Navy_050308-N-0295M-003_The_American_and_POW-MIA_flags_wave_in_the_wind_in_front_of_the_Washington_Monument_in_Washington,_D.C.jpg"
Washington_Monument,115699,2,commons/Washington_Monument_in_2006/0/pictures/Washington_Monument_January_2_2006.jpg
Washington_Monument,115699,2,commons/Washington_Monument_in_2007/0/pictures/Displace_Me.jpg
Washington_Monument,115699,2,commons/Washington_Monument_in_2007/0/pictures/Washington_Memorial_-_panoramio.jpg
Washington_Monument,115699,2,commons/Washington_Monument_in_2015/0/pictures/The_Washington_Monument_at_Washington_D.C.jpg
Washington_Monument,115699,2,"commons/Washington_Monument_in_2007/0/pictures/Washington_Monument,_pointing_at_the_moon_(6222806705).jpg"
Washington_Monument,115699,2,commons/Washington_Monument_in_2007/0/pictures/Washington_monument_102107_kdh.jpg
Washington_Monument,115699,2,commons/Washington_Monument_in_2008/0/pictures/Washington_Monument_evening.jpg
Washington_Monument,115699,2,commons/Washington_Monument_in_2009/0/pictures/2009_01_20_-_0706_-_Washington_DC_-_Washington_Monument_(3219630664).jpg
Washington_Monument,115699,2,commons/Washington_Monument_in_2012/0/pictures/View_of_the_Washington_Monument_with_Flags.jpg
Washington_Monument,115699,2,commons/Washington_Monument_at_night/0/pictures/201107604-OC-LSC-0215_(5903282949).jpg
Washington_Monument,115699,2,commons/Washington_Monument_in_2020/0/pictures/National_Mall_(49767708601).jpg
Washington_Monument,115699,2,commons/Washington_Monument_in_2009/0/pictures/Obama_Inauguration_IMG_2730_(3217055638).jpg
Washington_Monument,115699,2,commons/Washington_Monument_in_2016/0/pictures/Washington_Monument_PT.jpg
Washington_Monument,115699,2,commons/Washington_Monument_in_2009/0/pictures/Washington_Monument_Jul_2009.jpg
Washington_Monument,115699,2,"commons/Washington_Monument_in_2009/0/pictures/Washington_Monument,_D.C..jpg"
Washington_Monument,115699,2,commons/Washington_Monument_in_2009/0/pictures/World_War_II_Memorial_Fountain.jpg
Washington_Monument,115699,2,commons/Washington_Monument_in_2010/0/pictures/EM_DSC_1869_(5186123248).jpg
Washington_Monument,115699,2,commons/Washington_Monument_in_2010/0/pictures/The_Washington_Monument_-_panoramio_(1).jpg
Washington_Monument,115699,2,commons/Washington_Monument_in_2011/0/pictures/Washington_Monument_(5945804263).jpg
Washington_Monument,115699,2,commons/Washington_Monument/0/pictures/The_Washington_Monument_in_the_morning.jpg
Washington_Monument,115699,2,commons/Washington_Monument_in_2011/0/pictures/Washington_Monument_against_Sky.jpg
Washington_Monument,115699,2,commons/Washington_Monument_in_2011/0/pictures/Washington_Monument_from_Constitution_Ave.jpg
Washington_Monument,115699,2,commons/Washington_Monument_in_2014/0/pictures/Washington_D.C._34.jpg
Washington_Monument,115699,2,commons/Washington_Monument_in_2023/0/pictures/Washington_Monument_2023_sunrise.jpg
Washington_Monument,115699,2,commons/Washington_Monument_in_2012/0/pictures/Flickr_-_USCapitol_-_Shuttle_Discovery_Flying_by_the_Washington_Monument.jpg
Washington_Monument,115699,2,commons/Washington_Monument/0/pictures/Washington_Monument_(48862690576).jpg
Washington_Monument,115699,2,commons/Washington_Monument_in_2012/0/pictures/Washington_Monument_2012_4.jpg
Washington_Monument,115699,2,commons/Washington_Monument_in_2012/0/pictures/Washington_Monument_2012_7.jpg
Washington_Monument,115699,2,commons/Washington_Monument_in_2012/0/pictures/Washington_Monument_in_June_2012.jpg
Washington_Monument,115699,2,commons/Washington_Monument/0/pictures/Washington_Monument_-_Washington_DC_-_United_States_Capital_-_October_2010_(5132700371).jpg
Washington_Monument,115699,2,commons/Washington_Monument_in_2012/0/pictures/Washington_Monument_in_June.jpg
Washington_Monument,115699,2,commons/Washington_Monument/0/pictures/Washington_Monument_-_Washington_DC_-_United_States_Capital_-_October_2010_(5132711607).jpg
Washington_Monument,115699,2,"commons/Washington_Monument_in_2012/0/pictures/Washington_Monument_in_Washington,_D.C..jpg"
Washington_Monument,115699,2,"commons/Washington_Monument/0/pictures/Washington_Monument_-_Washington,_DC.jpg"
Washington_Monument,115699,2,commons/Washington_Monument_in_2012/0/pictures/Washington_Monument_on_4th_of_July.2.jpg
Washington_Monument,115699,2,commons/Washington_Monument_in_2012/0/pictures/Washington_Monument_on_4th_of_July.jpg
Washington_Monument,115699,2,"commons/Washington_Monument_in_2012/0/pictures/Washington_Monument,_June_7,_2012_-_panoramio.jpg"
Washington_Monument,115699,2,commons/Washington_Monument_in_2012/0/pictures/Washington_monument_-_July_2012.JPG
Washington_Monument,115699,2,commons/Washington_Monument_in_2012/0/pictures/WashingtonMonumentConstitutionAve.jpg
Washington_Monument,115699,2,commons/Washington_Monument_from_the_National_World_War_II_Memorial/0/pictures/WW_II_Memorial_&_GW_Monument_12_2011_000143.JPG
Washington_Monument,115699,2,commons/Washington_Monument_in_2013/0/pictures/Military_police_officer_in_uniform_assists_lady_climbing_down_from_Washington_Monument_1_Inauguration_2013.jpg
Washington_Monument,115699,2,commons/Washington_Monument_at_sunrise/0/pictures/Washington_Monument_flags.jpg
Washington_Monument,115699,2,"commons/Washington_Monument_in_2013/0/pictures/Washington_Monument_-_Washington,_DC.jpg"
Washington_Monument,115699,2,commons/Washington_Monument_in_2014/0/pictures/National_Menorah_Washington_DC_USA_50587_(15468305244).jpg
Washington_Monument,115699,2,commons/Washington_Monument_in_2014/0/pictures/Washington_D.C._33.jpg
Washington_Monument,115699,2,commons/Washington_Monument_from_below/0/pictures/DC_Monument.jpg
Washington_Monument,115699,2,commons/Washington_Monument_in_2014/0/pictures/Washington_D.C._36.jpg
Washington_Monument,115699,2,commons/Washington_Monument_in_2014/0/pictures/Washington_Monument_(15676559997).jpg
Washington_Monument,115699,3,commons/Washington_Monument_in_winter/0/pictures/Washington_Monument_in_winter_2_(45241325311).jpg
Washington_Monument,115699,3,commons/Washington_Monument_in_autumn/0/pictures/WashingtonMonument_DSC_1943.jpg
Washington_Monument,115699,3,commons/Washington_Monument_in_2023/0/pictures/Washington_Monument_looking_up_at_sunrise.jpg
Washington_Monument,115699,3,commons/Washington_Monument_in_2016/0/pictures/Washington_October_2016-6_(cropped)_(cropped).jpg
Washington_Monument,115699,3,commons/Washington_Monument_in_2015/0/pictures/Washington_Monument_April_2015.JPG
Washington_Monument,115699,3,commons/Washington_Monument_in_2014/0/pictures/Washington_D.C._34.jpg
Washington_Monument,115699,3,commons/Washington_Monument_in_2012/0/pictures/Washington_Monument_in_June.jpg
Washington_Monument,115699,3,commons/Washington_Monument_in_2012/0/pictures/Dc_national_mall_15.07.2012_12-19-14.jpg
Washington_Monument,115699,3,commons/Washington_Monument_in_2007/0/pictures/Washington_monument_102107_kdh.jpg
Washington_Monument,115699,3,commons/Washington_Monument_in_2014/0/pictures/Washington_D.C._36.jpg
Washington_Monument,115699,3,commons/Washington_Monument_at_sunrise/0/pictures/Washington_Monument_looking_up_at_sunrise.jpg
Washington_Monument,115699,3,commons/Washington_Monument_at_night/0/pictures/Washington_Monument_at_blue_hour.jpg
Washington_Monument,115699,3,"commons/Washington_Monument_in_2020/0/pictures/2020.09.12_DC_Street,_Washington,_DC_USA_256_50238_(50338856893).jpg"
Washington_Monument,115699,3,"commons/Washington_Monument_in_2008/0/pictures/Washington_Monument_-_Washington,_D.C..jpg"
Washington_Monument,115699,3,"commons/Photographs_of_flags_of_the_United_States_at_the_Washington_Monument/0/pictures/2020.09.12_DC_Street,_Washington,_DC_USA_256_50238_(50338856893).jpg"
Washington_Monument,115699,3,commons/Washington_Monument_in_2020/0/pictures/The_Washington_Monument_--_The_National_Mall_(DC)_June_2020_(50053763573).jpg
Washington_Monument,115699,3,commons/Washington_Monument_in_2020/0/pictures/Washington_Monument_and_Lincoln_Memorial_--_National_Mall_Washington_(DC)_June_2020_(50045485667).jpg
Washington_Monument,115699,3,commons/Washington_Monument_from_below/0/pictures/Washington_Monument_looking_up_at_sunrise.jpg
Washington_Monument,115699,3,commons/Washington_Monument/0/pictures/Wash_Monument_2.jpg
Washington_Monument,115699,3,commons/Washington_Monument_in_2021/0/pictures/210120-Z-NI803-1435_(50884725083).jpg
Washington_Monument,115699,3,commons/Washington_Monument/0/pictures/Washington_Memorial_2.jpg
Washington_Monument,115699,3,"commons/Washington_Monument_in_autumn/0/pictures/2020.09.12_DC_Street,_Washington,_DC_USA_256_50238_(50338856893).jpg"
Washington_Monument,115699,3,"commons/Washington_Monument/0/pictures/'A_Lonely_Morning_on_the_National_Mall'_Washington_(DC)_June_24,_2020_(50053765728).jpg"
Washington_Monument,115699,3,commons/Washington_Monument/0/pictures/The_Washington_Monument_2018.jpg
Washington_Monument,115699,3,commons/Washington_Monument/0/pictures/The_Monument_blue_sky_(Washington)_(30302955377).jpg
Washington_Monument,115699,3,commons/Washington_Monument/0/pictures/Washington_Monument-8.jpg
Washington_Monument,115699,3,commons/Washington_Monument/0/pictures/Washington_Monument-7.jpg
Washington_Monument,115699,3,commons/Washington_Monument_at_night/0/pictures/Washington_D.C._37.jpg
Washington_Monument,115699,4,commons/Washington_Monument_in_2018/0/pictures/85O_1188.jpg
Washington_Monument,115699,4,commons/Washington_Monument_in_2015/0/pictures/Washington_Monument_by_JDO.jpg
Washington_Monument,115699,4,commons/Washington_Monument_in_2015/0/pictures/DSC_0003_(6247726033).jpg
Washington_Monument,115699,4,commons/Washington_Monument_in_2010/0/pictures/Washington_Monument_Cherry_Blossom_Time.jpg
Washington_Monument,115699,4,commons/Washington_Monument_in_2010/0/pictures/Flags_Below_Washington.jpg
Washington_Monument,115699,4,commons/Washington_Monument_in_2010/0/pictures/EM_DSC_1865_(5186118686).jpg
Washington_Monument,115699,4,commons/Washington_Monument_in_2010/0/pictures/DC_61_1_(6634095267).jpg
Washington_Monument,115699,4,commons/Washington_Monument_in_2012/0/pictures/Washington_monument_light_blue_sky.jpg
Washington_Monument,115699,4,commons/Washington_Monument_in_2010/0/pictures/DC_59_1_(6634075419).jpg
Washington_Monument,115699,4,commons/Washington_Monument_in_2016/0/pictures/Washington_Monument_KH.jpg
Washington_Monument,115699,4,commons/Washington_Monument/0/pictures/Washington_Monument_DSC_0257.jpg
Washington_Monument,115699,4,commons/Washington_Monument_in_2014/0/pictures/Washington_Monument_in_Sunshine_in_DC.JPG
Washington_Monument,115699,4,commons/Washington_Monument/0/pictures/Washington_Monument_4_(27804167145).jpg
Washington_Monument,115699,4,commons/Photographs_of_flags_of_the_United_States_at_the_Washington_Monument/0/pictures/Washington_Monument_-_Our_Free_Country.jpg
Washington_Monument,115699,4,commons/Washington_Monument/0/pictures/Washington_Monument_-_southwest_side_-_rappellers_distant_-_2011-09-30_(6201234110).jpg
Washington_Monument,115699,4,commons/Washington_Monument_in_2011/0/pictures/NationalMonument1.jpg
Washington_Monument,115699,4,commons/Washington_Monument/0/pictures/Washington_Monument_-_Memorial_Day_-_Washington_DC_-_2014_(14261848706).jpg
Washington_Monument,115699,4,commons/Washington_Monument/0/pictures/Washington_Monument_5_(27804171615).jpg
Washington_Monument,115699,4,"commons/Washington_Monument_in_2012/0/pictures/Washington_Monument,_viewed_from_the_south_(50827849353).png"
Washington_Monument,115699,4,commons/Washington_Monument/0/pictures/Washington_Monument_Washington_DC_NRHP-66000035.jpg
Washington_Monument,115699,4,commons/Washington_Monument/0/pictures/National_Mall_&_Memorial_Parks_(b4e7cad4-565d-4179-b2c2-d5803db58be0).jpg
Washington_Monument,115699,4,commons/Washington_Monument_in_2021/0/pictures/59th_Presidential_Inauguration_Support_on_Park_Land_(c115bde5-0a95-43f8-a2fe-47a09092186c).jpg
Washington_Monument,115699,4,commons/Washington_Monument_in_2021/0/pictures/59th_Presidential_Inauguration_Support_on_Park_Land_(c67224fb-2ae6-4d76-b735-1d368680afec).jpg
Washington_Monument,115699,4,commons/Photographs_of_flags_of_the_United_States_at_the_Washington_Monument/0/pictures/Washington_Monument_on_a_Gloomy-Windy_Day_-_Flickr_-_beltz6.jpg
Washington_Monument,115699,4,commons/Washington_Monument_in_2006/0/pictures/Wash-monument.JPG
Washington_Monument,115699,4,commons/Washington_Monument_in_2008/0/pictures/Washiington_Monument_south_view.JPG
Washington_Monument,115699,4,commons/Washington_Monument/0/pictures/Washington_Monument_-_southeast_side_-_rappeller_ants_-_2011-09-30_(6201225302).jpg
Washington_Monument,115699,4,commons/Washington_Monument_from_below/0/pictures/Washington_Monument_-_panoramio_-_photophat.jpg
Washington_Monument,115699,4,commons/Photographs_of_flags_of_the_United_States_at_the_Washington_Monument/0/pictures/Washington_Monument_and_Flag_of_the_United_States.jpg
Washington_Monument,115699,4,commons/Washington_Monument_from_below/0/pictures/Washington_Monument_(August_2016).jpg
Washington_Monument,115699,4,commons/Washington_Monument/0/pictures/Washington_Monument_-_Our_Free_Country.jpg
Washington_Monument,115699,4,commons/Washington_Monument/0/pictures/Washington_Monument_and_Flag_of_the_United_States.jpg
Washington_Monument,115699,4,commons/Washington_Monument/0/pictures/Washington_Monument_Under_Clouds.png
Washington_Monument,115699,4,commons/Washington_Monument_from_below/0/pictures/Washington_Monument_and_Flag_(horizontal).JPG
Washington_Monument,115699,4,commons/Washington_Monument_in_2010/0/pictures/EM_DSC_1866_(5186119688).jpg
Washington_Monument,115699,4,commons/Washington_Monument/0/pictures/Washington_Monument_pic2.jpg
Washington_Monument,115699,4,commons/Washington_Monument_at_sunrise/0/pictures/Washington_monument_golden_hour.jpg
Washington_Monument,115699,4,"commons/Washington_Monument_from_below/0/pictures/Washington_Memorial,_Washington_DC_(172648710).jpg"
Washington_Monument,115699,4,commons/Washington_Monument_in_2010/0/pictures/DC_60_1_(6634085007).jpg
Washington_Monument,115699,4,commons/Washington_Monument_from_below/0/pictures/Washington_Monument_with_flag.jpg
Washington_Monument,115699,4,commons/Washington_Monument_in_2012/0/pictures/SlutWalk_DC_2012_-22-_(9723031954).jpg
Washington_Monument,115699,4,"commons/Washington_Monument/0/pictures/Washington,_D.C._-_Washington_Monument_-_20171008121459.jpg"
Washington_Monument,115699,4,commons/Washington_Monument_from_below/0/pictures/Washington-Monument.jpg
Washington_Monument,115699,4,commons/Washington_Monument_in_2010/0/pictures/EM_DSC_1867_(5185519267).jpg
Washington_Monument,115699,4,commons/Washington_Monument_from_the_Jefferson_Memorial/0/pictures/85O_1188.jpg
Washington_Monument,115699,4,commons/Washington_Monument_from_the_Tidal_Basin/0/pictures/National_Mall_&_Memorial_Parks_(b4e7cad4-565d-4179-b2c2-d5803db58be0).jpg
Washington_Monument,115699,5,commons/Washington_Monument_in_2018/0/pictures/Stanley_Cup_Parade_(42853177811).jpg
Washington_Monument,115699,5,commons/Washington_Monument_in_2018/0/pictures/Washington_Capitals_Parade_(42854007391).jpg
Washington_Monument,115699,5,commons/Washington_Monument_in_2018/0/pictures/Stanley_Cup_Parade_(42853177011).jpg
Washington_Monument,115699,5,commons/Washington_Monument_in_2018/0/pictures/Stanley_Cup_Parade_(41042266500).jpg
Washington_Monument,115699,5,commons/Washington_Monument_in_2018/0/pictures/Stanley_Cup_Parade_(42853177701).jpg
Washington_Monument,115699,5,commons/Washington_Monument_in_2018/0/pictures/Washington_Capitals_Parade_(42854007711).jpg
Washington_Monument,115699,5,commons/Washington_Monument_in_2018/0/pictures/Washington_Capitals_Parade_(27985215297).jpg
Washington_Monument,115699,5,commons/Washington_Monument_in_2018/0/pictures/Washington_Capitals_Parade_(42136005564).jpg
Washington_Monument,115699,5,commons/Washington_Monument_in_2018/0/pictures/Stanley_Cup_Parade_(42853177921).jpg
Washington_Monument,115699,5,commons/Washington_Monument_in_2018/0/pictures/Washington_Capitals_Parade_(42901273021).jpg
Washington_Monument,115699,5,commons/Washington_Monument_in_2018/0/pictures/Washington_Capitals_Parade_(27985214007).jpg
Washington_Monument,115699,5,commons/Washington_Monument_in_2018/0/pictures/Zamboni_(42853180521).jpg
Washington_Monument,115699,5,commons/Washington_Monument_in_2018/0/pictures/Washington_Capitals_Parade_(42136006044).jpg
Washington_Monument,115699,5,commons/Washington_Monument_in_2018/0/pictures/Washington_Capitals_Parade_(42136007784).jpg
Washington_Monument,115699,5,commons/Washington_Monument_in_2018/0/pictures/Washington_Capitals_Parade_(42136008574).jpg
Washington_Monument,115699,5,commons/Washington_Monument_in_2018/0/pictures/Washington_Capitals_Parade_(42136009134).jpg
Washington_Monument,115699,5,commons/Washington_Monument_in_2018/0/pictures/Washington_Capitals_Parade_(42136009664).jpg
Washington_Monument,115699,5,commons/Washington_Monument_in_2018/0/pictures/Stanley_Cup_Parade_(41952507255).jpg
Washington_Monument,115699,5,commons/Washington_Monument_in_2018/0/pictures/Washington_Capitals_Parade_(42854006561).jpg
Washington_Monument,115699,5,commons/Washington_Monument_in_2018/0/pictures/Washington_Capitals_Parade_(42854008101).jpg
Washington_Monument,115699,6,"commons/Washington_Monument_in_2021/0/pictures/Senate_Majority_Leader_Chuck_Schumer_(D-NY),_Speaker_of_the_House_Nancy_Pelosi_(D-CA)_and_Democrats_in_Congress_held_an_enrollment_ceremony_for_H.R._1319,_the_American_Rescue_Plan_Act_(51029357436).jpg"
Washington_Monument,115699,6,"commons/Washington_Monument_in_2021/0/pictures/Senate_Majority_Leader_Chuck_Schumer_(D-NY),_Speaker_of_the_House_Nancy_Pelosi_(D-CA)_and_Democrats_in_Congress_held_an_enrollment_ceremony_for_H.R._1319,_the_American_Rescue_Plan_Act_(51029356816).jpg"
Washington_Monument,115699,6,"commons/Washington_Monument_in_2021/0/pictures/Senate_Majority_Leader_Chuck_Schumer_(D-NY),_Speaker_of_the_House_Nancy_Pelosi_(D-CA)_and_Democrats_in_Congress_held_an_enrollment_ceremony_for_H.R._1319,_the_American_Rescue_Plan_Act_(51029356786).jpg"
Washington_Monument,115699,6,"commons/Washington_Monument_in_2021/0/pictures/Senate_Majority_Leader_Chuck_Schumer_(D-NY),_Speaker_of_the_House_Nancy_Pelosi_(D-CA)_and_Democrats_in_Congress_held_an_enrollment_ceremony_for_H.R._1319,_the_American_Rescue_Plan_Act_(51029356371).jpg"
Washington_Monument,115699,6,"commons/Washington_Monument_in_2021/0/pictures/Senate_Majority_Leader_Chuck_Schumer_(D-NY),_Speaker_of_the_House_Nancy_Pelosi_(D-CA)_and_Democrats_in_Congress_held_an_enrollment_ceremony_for_H.R._1319,_the_American_Rescue_Plan_Act_(51028628468).jpg"
Washington_Monument,115699,6,"commons/Washington_Monument_in_2021/0/pictures/Senate_Majority_Leader_Chuck_Schumer_(D-NY),_Speaker_of_the_House_Nancy_Pelosi_(D-CA)_and_Democrats_in_Congress_held_an_enrollment_ceremony_for_H.R._1319,_the_American_Rescue_Plan_Act_(51028628328).jpg"
Washington_Monument,115699,6,"commons/Washington_Monument_in_2021/0/pictures/Senate_Majority_Leader_Chuck_Schumer_(D-NY),_Speaker_of_the_House_Nancy_Pelosi_(D-CA)_and_Democrats_in_Congress_held_an_enrollment_ceremony_for_H.R._1319,_the_American_Rescue_Plan_Act_(51029455802).jpg"
Washington_Monument,115699,6,"commons/Washington_Monument_in_2021/0/pictures/Senate_Majority_Leader_Chuck_Schumer_(D-NY),_Speaker_of_the_House_Nancy_Pelosi_(D-CA)_and_Democrats_in_Congress_held_an_enrollment_ceremony_for_H.R._1319,_the_American_Rescue_Plan_Act_(51028628138).jpg"
Washington_Monument,115699,6,"commons/Washington_Monument_in_2021/0/pictures/Senate_Majority_Leader_Chuck_Schumer_(D-NY),_Speaker_of_the_House_Nancy_Pelosi_(D-CA)_and_Democrats_in_Congress_held_an_enrollment_ceremony_for_H.R._1319,_the_American_Rescue_Plan_Act_(51029455757).jpg"
Washington_Monument,115699,6,"commons/Washington_Monument_in_2021/0/pictures/Senate_Majority_Leader_Chuck_Schumer_(D-NY),_Speaker_of_the_House_Nancy_Pelosi_(D-CA)_and_Democrats_in_Congress_held_an_enrollment_ceremony_for_H.R._1319,_the_American_Rescue_Plan_Act_(51028628123).jpg"
Washington_Monument,115699,6,"commons/Washington_Monument_in_2021/0/pictures/Senate_Majority_Leader_Chuck_Schumer_(D-NY),_Speaker_of_the_House_Nancy_Pelosi_(D-CA)_and_Democrats_in_Congress_held_an_enrollment_ceremony_for_H.R._1319,_the_American_Rescue_Plan_Act_(51029455502).jpg"
Washington_Monument,115699,6,"commons/Washington_Monument_in_2021/0/pictures/Senate_Majority_Leader_Chuck_Schumer_(D-NY),_Speaker_of_the_House_Nancy_Pelosi_(D-CA)_and_Democrats_in_Congress_held_an_enrollment_ceremony_for_H.R._1319,_the_American_Rescue_Plan_Act_(51028628103).jpg"
