scene_id,model,scene,pre-1900,1900-1944,1945-1969,1970-1999,2000+,undated,pre-1970,model_files
1,0,Arc_de_Triomf_de_Barcelona,1,1,0,3,218,4,2,227
2,0,Arc_de_Triomphe_du_Carrousel,13,1,1,5,318,5,15,343
2,1,Arc_de_Triomphe_du_Carrousel,3,1,1,2,121,3,5,132
4,0,Arco_Triunfal_da_Rua_Augusta,2,5,0,1,529,0,7,537
4,1,Arco_Triunfal_da_Rua_Augusta,0,0,0,0,63,0,0,63
10,0,Arch_of_Titus_(Rome),17,8,4,12,268,8,29,318
18,0,Gateway_of_India,1,0,0,0,441,2,1,444
18,1,Gateway_of_India,0,0,0,1,215,2,0,218
26,0,"Puerta_de_Alcalá,_Madrid",2,1,0,6,307,8,3,324
34,0,Monumento_a_la_Revolución_(México),0,0,0,1,294,1,0,296
65,0,Porta_Makedonija,0,0,0,0,205,3,0,208
208,0,Arch_of_Constantine_(Rome),3,8,0,5,590,18,11,625
209,0,Arc_de_Triomphe_de_l'Étoile,31,54,3,23,1112,3,88,1227
209,1,Arc_de_Triomphe_de_l'Étoile,0,0,0,7,322,1,0,330
210,0,Brandenburg_Gate,0,1,1,32,1058,6,2,1104
210,1,Brandenburg_Gate,0,0,11,44,407,4,11,466
213,0,Arch_of_Septimius_Severus_(Rome),9,4,0,5,350,21,13,389
216,0,India_Gate,1,0,0,1,823,14,1,839
219,0,Admiralty_Arch,0,6,0,2,191,1,6,200
537,0,Stari_Most,0,1,2,3,394,3,3,403
1752,0,Sydney_Harbour_Bridge,0,53,14,15,415,6,67,503
1838,0,Ponte_do_Infante_D._Henrique,0,0,0,0,421,0,0,421
1945,0,Tower_Bridge,6,8,3,44,2452,9,17,2522
1945,5,Tower_Bridge,0,0,0,0,67,0,0,67
1945,6,Tower_Bridge,0,0,0,0,66,0,0,66
2236,0,Dom_Luis_I_bridge,0,0,1,3,3136,0,1,3141
2515,0,Kapellbrücke,1,1,2,5,342,1,4,352
2620,0,Pont_Alexandre-III,2,13,3,2,626,8,18,654
2624,0,Ponte_Santa_Trinita_(Florence),0,0,1,2,201,5,1,209
2643,0,Ponte_Sant'Angelo_(Rome),8,2,2,7,522,42,12,584
2645,0,Krämerbrücke_(Erfurt),0,0,3,15,269,0,3,287
2899,0,Oberbaumbrücke_(Berlin),0,0,0,0,258,3,0,262
2900,0,Ponte_25_de_Abril,0,0,0,1,1132,5,0,1138
2900,1,Ponte_25_de_Abril,0,0,1,0,86,0,1,87
2902,1,"Liberty_Bridge,_Budapest",0,21,3,0,225,1,24,250
3531,0,Forth_Bridge,4,5,4,7,232,2,13,254
5113,1,Ponte_dell'Accademia_(Venice),2,0,1,9,396,5,3,413
6118,0,Barrage_Vauban,1,0,0,0,271,1,1,273
6119,0,Ponts_Couverts_(Strasbourg),0,0,0,4,292,0,0,296
6173,1,Golden_Gate_Bridge,0,0,0,0,72,1,0,73
6173,4,Golden_Gate_Bridge,0,0,0,1,97,2,0,100
6173,5,Golden_Gate_Bridge,0,0,0,0,52,1,0,53
6173,10,Golden_Gate_Bridge,0,0,0,0,57,0,0,57
6173,16,Golden_Gate_Bridge,0,0,0,5,180,2,0,187
6173,25,Golden_Gate_Bridge,0,0,0,0,70,0,0,70
6177,0,Brooklyn_Bridge,0,0,1,9,998,2,1,1010
6177,5,Brooklyn_Bridge,0,0,0,0,184,0,0,184
6210,2,Hohenzollernbrücke,0,1,1,4,225,1,2,232
6714,0,Trepponti_(Comacchio),0,0,0,0,141,0,0,141
6714,1,Trepponti_(Comacchio),0,0,0,0,202,2,0,204
7115,0,Westminster_Bridge,1,8,1,7,530,2,10,549
11088,0,"Roman_bridge,_Córdoba",0,0,0,3,220,1,0,224
11088,1,"Roman_bridge,_Córdoba",0,0,0,0,105,0,0,105
13348,0,Ponte_di_Rialto,0,0,3,13,511,6,3,533
13348,1,Ponte_di_Rialto,0,0,0,1,95,2,0,98
13353,0,Pont_du_Gard,0,1,1,0,196,0,2,198
13353,1,Pont_du_Gard,0,1,2,6,132,2,3,143
13356,0,Charles_Bridge,2,1,14,20,2034,15,17,2086
13357,0,Mehmed_Paša_Sokolović_Bridge_in_Višegrad,0,0,0,1,477,1,0,479
13361,0,Aqueduct_of_Segovia,3,4,1,7,541,13,8,569
13370,0,Pont_Neuf,0,0,0,1,252,1,0,255
13392,0,Augustusbrücke,10,12,8,27,132,4,30,193
13392,2,Augustusbrücke,0,0,0,0,91,0,0,91
13407,0,Dragon_Bridge_(Ljubljana),0,0,0,0,198,1,0,199
13886,0,London_Millennium_Bridge,0,0,0,0,592,4,0,596
13886,1,London_Millennium_Bridge,0,0,0,0,114,0,0,116
14233,0,Khaju_Bridge,0,1,2,3,224,0,3,230
14239,0,Stone_Bridge_(Skopje),0,0,0,0,305,1,0,306
15441,0,"Chain_Bridge,_Budapest",0,0,2,5,623,6,2,636
20637,0,Bridge_of_Sighs_(Venice),13,8,0,10,289,10,21,330
20817,0,Marienbrücke_(Neuschwanstein),3,1,0,0,198,3,4,205
24487,3,Hong_Kong–Zhuhai–Macau_Bridge,0,0,0,0,468,0,0,468
24841,0,Sé_do_Funchal,0,0,0,0,463,0,0,464
24841,1,Sé_do_Funchal,0,4,0,2,78,0,4,84
24884,0,Ljubljana_Cathedral,0,0,0,0,206,3,0,218
24884,2,Ljubljana_Cathedral,0,0,0,0,42,1,0,64
24884,3,Ljubljana_Cathedral,0,0,0,0,51,0,0,51
24884,4,Ljubljana_Cathedral,0,0,0,0,96,2,0,98
24906,0,Vilnius_Cathedral,6,45,0,1,296,13,51,362
24906,1,Vilnius_Cathedral,0,5,0,0,42,5,5,54
24908,1,Duomo_(Lucca),2,0,1,3,194,2,3,204
24908,2,Duomo_(Lucca),0,0,0,0,71,0,0,72
24914,0,Cathedral_(Monreale),7,1,1,1,222,6,9,242
24914,3,Cathedral_(Monreale),0,0,0,6,94,1,0,101
24915,0,San_Lorenzo_(Genoa),7,3,0,0,228,3,10,243
24915,1,San_Lorenzo_(Genoa),2,0,0,0,70,0,2,73
24933,0,Sé_Catedral_de_Évora,0,0,2,0,107,0,2,109
24933,2,Sé_Catedral_de_Évora,0,0,1,2,253,0,1,256
24933,3,Sé_Catedral_de_Évora,0,0,0,0,85,0,0,86
24938,0,"Cathedral_of_Saint_Paul_(Saint_Paul,_Minnesota)",0,0,0,0,182,0,0,182
24938,1,"Cathedral_of_Saint_Paul_(Saint_Paul,_Minnesota)",0,0,0,0,65,0,0,65
24958,0,St._Paul's_Cathedral_(Münster),0,0,0,0,178,3,0,181
24978,0,Duomo_(Modena),1,1,2,5,208,0,4,217
24978,1,Duomo_(Modena),0,0,0,0,75,0,0,76
24984,0,Manila_Cathedral,0,0,0,0,350,0,0,350
24984,1,Manila_Cathedral,0,0,0,0,456,1,0,457
25006,0,Black_Church,0,1,0,0,200,3,1,204
25007,1,Wrocław_Cathedral,0,1,0,1,226,2,1,230
25016,0,Utrecht_Dom_church,0,3,18,8,210,22,21,262
25037,0,St._Mark's_Basilica_(Venice),0,0,1,25,1077,11,1,1116
25037,1,St._Mark's_Basilica_(Venice),0,0,0,19,104,1,0,126
25037,3,St._Mark's_Basilica_(Venice),0,0,0,2,111,1,0,114
25041,0,Santa_Maria_del_Fiore_(Florence),0,2,0,0,159,5,2,350
25041,1,Santa_Maria_del_Fiore_(Florence),23,8,5,31,1545,18,36,1634
25053,0,York_Minster,0,0,0,0,201,0,0,201
25053,2,York_Minster,0,0,0,1,198,0,0,199
25053,3,York_Minster,0,0,0,5,348,3,0,356
25053,11,York_Minster,0,0,0,2,54,0,0,56
25060,0,Freising_Cathedral,0,0,0,0,131,0,0,186
25089,0,Matthias_Church_(Budapest),1,11,20,7,308,5,32,352
25089,1,Matthias_Church_(Budapest),1,0,0,0,147,1,1,158
25097,0,Limburg_Cathedral,0,0,0,0,220,2,0,222
25097,2,Limburg_Cathedral,0,0,0,0,57,0,0,59
25118,0,Wawel_Cathedral,0,5,1,2,481,6,6,495
25125,0,Cathedral_of_Puebla,1,0,0,1,218,0,1,220
25126,0,Ghazanchetsots_Cathedral,0,0,0,1,341,1,0,344
25134,0,"Saint_John's_Cathedral,_'s-Hertogenbosch",2,2,0,18,41,7,4,70
25134,1,"Saint_John's_Cathedral,_'s-Hertogenbosch",4,9,2,32,164,2,15,214
25135,0,The_Saint_Catherine's_Church_(Chernihiv),2,0,0,1,305,0,2,308
25148,1,Holy_Trinity_Cathedral_(Pskov),0,0,0,0,189,2,0,191
25210,0,Cathedral_of_Talin,0,0,0,0,511,1,0,512
25223,0,Vank_Cathedral,0,0,0,2,312,0,0,338
25223,1,Vank_Cathedral,0,1,0,0,83,0,1,86
25223,2,Vank_Cathedral,0,1,0,2,61,0,1,64
25223,6,Vank_Cathedral,0,0,0,0,56,0,0,57
25223,10,Vank_Cathedral,0,0,0,0,51,0,0,51
25234,0,Sé_do_Porto,0,0,1,2,240,0,1,243
25234,1,Sé_do_Porto,0,0,1,4,76,0,1,81
25234,2,Sé_do_Porto,0,0,1,0,180,2,1,183
25234,3,Sé_do_Porto,0,0,1,0,96,2,1,99
25247,0,St_Giles'_Cathedral,2,1,0,4,232,0,3,239
25247,1,St_Giles'_Cathedral,0,0,0,0,187,1,0,189
25290,2,Cathédrale_Notre-Dame_de_Senlis,0,0,0,0,204,2,0,207
25298,1,Cathedral_(Pisa),4,2,0,2,337,9,6,359
25298,2,Cathedral_(Pisa),3,3,3,9,399,11,9,428
25301,0,"Cathedral_of_Saint_George,_Lviv",0,1,0,0,262,4,1,267
25424,0,Basilica_of_Our_Lady_of_Aparecida,0,0,0,1,170,0,0,171
25424,1,Basilica_of_Our_Lady_of_Aparecida,0,0,0,0,72,0,0,72
25472,0,Cathedral_of_Yerevan,0,0,0,0,416,0,0,417
25472,1,Cathedral_of_Yerevan,0,0,0,0,52,0,0,52
25511,0,Cathédrale_Saint-Jean_de_Lyon,2,5,0,0,218,5,7,230
25512,0,Cathédrale_Notre-Dame_de_Paris,60,31,16,29,3202,21,107,3361
25512,2,Cathédrale_Notre-Dame_de_Paris,0,0,0,4,771,0,0,775
25512,9,Cathédrale_Notre-Dame_de_Paris,3,0,0,0,118,0,3,121
25512,11,Cathédrale_Notre-Dame_de_Paris,0,0,0,0,84,0,0,84
25512,13,Cathédrale_Notre-Dame_de_Paris,0,0,0,0,70,0,0,70
25512,19,Cathédrale_Notre-Dame_de_Paris,0,0,0,0,209,0,0,210
25512,32,Cathédrale_Notre-Dame_de_Paris,0,0,0,0,78,0,0,78
25514,0,Cologne_Cathedral,0,0,0,0,88,0,0,88
25514,6,Cologne_Cathedral,0,0,0,3,313,2,0,318
25514,7,Cologne_Cathedral,0,0,0,4,123,1,0,128
25514,9,Cologne_Cathedral,0,0,0,0,84,1,0,86
25514,10,Cologne_Cathedral,0,0,2,0,116,0,2,118
25515,0,Onze-Lieve-Vrouwekathedraal_(Antwerp),1,0,0,14,227,6,1,248
25515,1,Onze-Lieve-Vrouwekathedraal_(Antwerp),0,0,0,0,110,1,0,112
25515,2,Onze-Lieve-Vrouwekathedraal_(Antwerp),0,0,0,0,126,0,0,126
25604,0,Cathedral_of_Our_Lady_of_La_Almudena,0,0,0,0,220,15,0,238
25604,1,Cathedral_of_Our_Lady_of_La_Almudena,0,0,0,2,458,1,0,470
25604,5,Cathedral_of_Our_Lady_of_La_Almudena,0,0,0,0,63,0,0,63
25616,0,Cathedral_of_Tarragona,0,0,2,1,188,2,2,193
25632,0,Duomo_(Como),0,0,1,0,296,4,1,301
25635,0,Cathedral_of_Toledo,0,0,0,0,101,4,0,105
25635,1,Cathedral_of_Toledo,1,1,0,1,196,2,2,201
25635,4,Cathedral_of_Toledo,0,0,0,0,84,0,0,84
25635,11,Cathedral_of_Toledo,0,0,0,0,54,0,0,54
25649,0,Cathedral_(Parma),5,0,0,0,129,1,5,189
25649,2,Cathedral_(Parma),1,0,0,7,62,1,1,71
25650,0,Cathedral_of_Palma_de_Mallorca,0,0,0,0,107,0,0,107
25650,1,Cathedral_of_Palma_de_Mallorca,0,1,0,0,91,0,1,92
25650,2,Cathedral_of_Palma_de_Mallorca,0,2,0,2,299,0,2,303
25659,0,Cathédrale_Sainte-Croix_d'Orléans,4,0,0,0,237,1,4,242
25659,1,Cathédrale_Sainte-Croix_d'Orléans,1,0,0,0,129,0,1,130
25661,0,Cathedral_of_Ávila,0,0,0,1,207,1,0,212
25661,1,Cathedral_of_Ávila,0,0,0,0,106,3,0,109
25665,0,Cathédrale_de_la_Major_de_Marseille,7,7,1,2,203,3,15,223
25692,0,Malolos_Cathedral,0,0,0,0,358,0,0,358
25692,3,Malolos_Cathedral,0,0,0,0,154,0,0,154
25735,0,"Holy_Trinity_Cathedral,_Chernihiv",1,0,0,0,254,0,1,255
25790,0,Cathedral_of_St._Peter_(Trier),0,0,0,4,228,3,0,235
25790,1,Cathedral_of_St._Peter_(Trier),0,0,0,0,83,0,0,83
25791,0,Bamberg_Cathedral,0,0,0,0,50,5,0,55
25791,1,Bamberg_Cathedral,0,0,0,0,171,6,0,177
25792,0,"St._Stephen's_Cathedral,_Vienna",7,1,2,11,677,9,10,707
25792,6,"St._Stephen's_Cathedral,_Vienna",2,1,0,2,337,1,3,357
25792,8,"St._Stephen's_Cathedral,_Vienna",0,0,0,0,55,0,0,55
25793,0,St._Vitus_Cathedral,2,0,1,4,622,5,3,634
25793,2,St._Vitus_Cathedral,0,0,0,1,248,2,0,251
25793,11,St._Vitus_Cathedral,0,0,0,0,66,0,0,66
25795,0,Cathedral_of_Barcelona,1,4,0,1,266,0,5,272
25795,1,Cathedral_of_Barcelona,0,0,0,0,364,3,0,368
25796,0,Duomo_(Milan),12,4,1,12,745,13,17,787
25796,1,Duomo_(Milan),0,0,0,0,119,0,0,120
25796,2,Duomo_(Milan),0,0,0,0,82,7,0,89
25796,12,Duomo_(Milan),0,0,0,0,98,0,0,98
25797,0,Speyer_Cathedral,0,0,0,3,346,6,0,355
25797,5,Speyer_Cathedral,0,0,0,0,46,1,0,50
25799,0,Mosque-Cathedral_of_Córdoba,0,0,0,1,517,1,0,519
25799,1,Mosque-Cathedral_of_Córdoba,0,0,0,1,179,0,0,181
25799,5,Mosque-Cathedral_of_Córdoba,0,0,0,0,72,1,0,73
25799,7,Mosque-Cathedral_of_Córdoba,0,0,0,0,153,0,0,153
25799,19,Mosque-Cathedral_of_Córdoba,0,0,0,2,56,0,0,58
25806,0,Cathédrale_Notre-Dame_d'Amiens,9,9,0,0,334,6,18,363
25806,3,Cathédrale_Notre-Dame_d'Amiens,0,1,0,0,88,3,1,92
25817,0,Cathedral_of_León,0,0,0,1,158,0,0,160
25817,1,Cathedral_of_León,0,0,0,4,385,18,0,407
25819,0,Cathédrale_Notre-Dame_de_Chartres,5,1,0,0,263,0,6,269
25819,1,Cathédrale_Notre-Dame_de_Chartres,0,0,0,0,48,2,0,50
25819,3,Cathédrale_Notre-Dame_de_Chartres,0,1,0,0,236,0,1,237
25819,4,Cathédrale_Notre-Dame_de_Chartres,0,0,0,0,50,0,0,51
25819,21,Cathédrale_Notre-Dame_de_Chartres,0,0,0,0,74,0,0,74
25819,28,Cathédrale_Notre-Dame_de_Chartres,3,0,0,1,181,3,3,188
25826,0,Cathedral_of_Seville,0,1,0,0,218,1,1,222
25826,1,Cathedral_of_Seville,0,0,0,0,29,0,0,50
25826,3,Cathedral_of_Seville,3,1,0,3,221,0,4,228
25826,5,Cathedral_of_Seville,0,2,1,1,114,1,3,119
25826,10,Cathedral_of_Seville,1,0,0,0,57,0,1,58
25826,12,Cathedral_of_Seville,0,1,0,0,57,0,1,58
25828,0,Salzburger_Dom,0,0,0,1,321,1,0,333
25828,1,Salzburger_Dom,0,2,0,1,113,0,2,116
25828,2,Salzburger_Dom,0,0,0,0,100,0,0,100
25828,4,Salzburger_Dom,0,0,0,4,146,0,0,150
25832,0,Cathedral_(Siena),0,1,0,0,102,1,1,277
25832,1,Cathedral_(Siena),0,0,0,0,134,1,0,163
25832,2,Cathedral_(Siena),1,0,0,4,337,6,1,348
25832,6,Cathedral_(Siena),0,0,1,0,60,0,1,61
25839,0,Sé_de_Lisboa,0,2,0,1,365,1,2,369
25839,1,Sé_de_Lisboa,0,0,0,0,264,0,0,265
25839,2,Sé_de_Lisboa,0,0,0,0,66,0,0,66
25840,0,Cathédrale_Notre-Dame_de_Rouen,0,0,0,0,190,0,0,190
25855,0,Cathédrale_Notre-Dame_de_Laon,1,5,0,0,236,1,6,243
25861,0,Metropolitan_Cathedral_of_Mexico_City,6,8,5,4,391,7,19,421
25864,0,St._Patrick's_Cathedral_(Manhattan),1,0,0,2,236,6,1,245
25871,0,Mainz_Cathedral,2,0,0,1,118,1,2,122
25872,0,Cathédrale_Saint-Étienne_de_Metz,0,0,0,0,245,3,0,248
25872,2,Cathédrale_Saint-Étienne_de_Metz,0,1,0,0,107,1,1,109
25872,4,Cathédrale_Saint-Étienne_de_Metz,0,0,0,0,67,0,0,67
25879,1,Cathedral_of_Burgos,8,1,0,1,328,24,9,364
25879,3,Cathedral_of_Burgos,0,0,0,0,47,5,0,52
25880,0,Cathédrale_Notre-Dame_de_Strasbourg,15,0,1,10,1712,10,16,1748
25880,1,Cathédrale_Notre-Dame_de_Strasbourg,0,0,0,6,481,1,0,497
25880,35,Cathédrale_Notre-Dame_de_Strasbourg,0,0,0,0,76,0,0,76
25894,0,Cathédrale_Saint-Gervais-et-Saint-Protais_de_Soissons,0,2,0,0,281,1,2,284
25909,0,La_Seo_of_Zaragoza,0,0,0,1,279,8,0,288
25927,0,Catedral_Nueva_de_Salamanca,0,0,1,0,367,6,1,374
25927,1,Catedral_Nueva_de_Salamanca,0,0,0,0,368,7,0,375
26008,0,"Catedral_San_Sebastián,_Cochabamba",43,0,0,0,2341,0,43,2384
26073,0,"Immaculate_Conception_church,_Ternopil",0,0,0,0,149,0,0,149
26520,0,Cubao_Cathedral,0,0,0,0,252,0,0,252
26520,2,Cubao_Cathedral,0,0,0,0,125,0,0,125
26523,0,Cathedral_of_Granada,0,0,0,0,419,1,0,420
26523,1,Cathedral_of_Granada,0,0,0,0,160,2,0,162
26523,2,Cathedral_of_Granada,0,0,0,1,77,0,0,78
26523,3,Cathedral_of_Granada,0,0,0,0,82,0,0,82
27217,0,Tartu_Cathedral,0,0,0,19,264,0,0,283
27319,0,"Alexander_Nevsky_Cathedral,_Sofia",1,2,5,1,379,3,8,393
27321,1,Cathedral_of_Christ_the_Saviour,1,2,0,1,457,2,3,463
27325,0,Temple_of_Saint_Sava,0,0,0,0,207,3,0,211
27328,0,Kazan_Cathedral,7,2,0,5,507,1,9,523
27331,0,"Alexander_Nevsky_Cathedral,_Tallinn",0,2,0,1,233,1,2,237
27333,0,Blahovishchensky_Cathedral_in_Kharkiv,0,0,1,0,236,0,1,237
27338,0,Saint_Peter_&_Paul_Cathedral,0,0,0,2,212,1,0,215
27338,2,Saint_Peter_&_Paul_Cathedral,2,0,0,2,337,1,2,342
27339,0,Assumption_Cathedral_in_Moscow,0,0,0,0,153,0,0,203
27339,1,Assumption_Cathedral_in_Moscow,0,0,2,14,162,1,2,228
27342,0,Cathedral_of_the_Dormition_of_the_Theotokos_(Vladimir),0,1,0,1,384,5,1,391
27343,0,Saint_Sophia_Cathedral_in_Kyiv,1,0,1,8,577,2,2,591
27343,1,Saint_Sophia_Cathedral_in_Kyiv,0,0,1,2,50,2,1,60
27357,0,Svetitskhoveli,1,1,2,1,277,3,4,285
27357,3,Svetitskhoveli,0,0,0,0,50,0,0,61
27367,0,Uspenski_Cathedral,0,1,0,1,56,2,1,60
27367,1,Uspenski_Cathedral,17,11,8,10,262,1,36,309
27487,0,Zvartnots,0,0,0,0,277,0,0,277
27512,0,Cathedral_of_St._Michael_and_St._Gudula_(Brussels),8,4,1,1,189,6,13,209
27512,3,Cathedral_of_St._Michael_and_St._Gudula_(Brussels),8,1,0,0,237,1,9,250
27512,5,Cathedral_of_St._Michael_and_St._Gudula_(Brussels),0,0,0,0,62,0,0,62
27513,0,Saint_Stephen's_Basilica_(Budapest),0,11,6,0,310,5,17,336
27513,1,Saint_Stephen's_Basilica_(Budapest),0,1,0,0,110,0,1,112
27513,4,Saint_Stephen's_Basilica_(Budapest),0,0,0,0,69,0,0,69
27524,0,Catedral-Basílica_de_Nuestra_Señora_del_Pilar_de_Zaragoza,0,0,0,0,255,2,0,257
27618,0,Kronstadt_Naval_Cathedral,0,1,0,0,103,0,1,104
27618,1,Kronstadt_Naval_Cathedral,1,0,0,0,284,2,1,287
27621,0,"Dormition_Cathedral,_Kharkiv",0,0,0,0,207,1,0,208
27749,0,Westminster_Abbey,9,5,0,3,504,8,14,529
27749,10,Westminster_Abbey,0,0,0,0,53,0,0,53
27750,0,Naumburg_Cathedral,1,2,15,1,206,8,18,233
27750,1,Naumburg_Cathedral,0,0,5,0,137,2,5,146
27751,0,Canterbury_Cathedral,0,0,0,7,153,0,0,160
27751,2,Canterbury_Cathedral,0,0,1,4,49,0,1,54
27751,8,Canterbury_Cathedral,0,0,0,0,77,0,0,77
27751,12,Canterbury_Cathedral,0,0,0,0,54,1,0,55
27751,22,Canterbury_Cathedral,0,0,0,3,54,0,0,57
27754,0,Berlin_Cathedral,0,0,5,13,863,7,5,890
27754,1,Berlin_Cathedral,0,5,0,0,302,1,5,309
27754,4,Berlin_Cathedral,0,0,0,1,81,0,0,82
27754,8,Berlin_Cathedral,0,0,0,0,55,0,0,55
27756,0,St._Paul's_Cathedral,7,8,3,8,1710,19,18,1759
27756,2,St._Paul's_Cathedral,0,0,0,1,122,2,0,130
27756,3,St._Paul's_Cathedral,0,0,0,1,125,2,0,128
27775,0,Helsinki_Cathedral,11,7,37,40,616,5,55,716
27775,1,Helsinki_Cathedral,0,2,0,2,49,1,2,55
27785,0,"Storkyrkan,_Stockholm",0,5,14,2,175,10,19,212
27785,1,"Storkyrkan,_Stockholm",0,0,0,1,87,1,0,89
27919,0,Gloucester_Cathedral,2,0,0,1,186,1,2,191
27919,1,Gloucester_Cathedral,0,0,0,0,76,2,0,78
27922,0,Salisbury_Cathedral,3,1,1,13,378,8,5,405
27922,2,Salisbury_Cathedral,0,0,0,1,226,7,0,235
27923,0,Lincoln_Cathedral,1,1,0,0,58,1,2,61
27923,1,Lincoln_Cathedral,1,1,2,7,181,3,4,196
27923,2,Lincoln_Cathedral,0,0,0,0,161,0,0,161
27925,0,Winchester_Cathedral,2,2,0,0,191,1,4,196
27925,2,Winchester_Cathedral,2,0,0,6,118,0,2,126
27927,0,Wells_Cathedral,1,1,2,16,202,15,4,237
27927,1,Wells_Cathedral,1,0,0,2,140,5,1,148
27935,1,Durham_Cathedral,0,2,0,10,203,0,2,215
27957,0,St_David's_Cathedral,0,0,2,8,184,1,2,196
28015,0,Basilique_Notre-Dame_de_Fourvière,0,8,0,0,275,2,8,285
28015,1,Basilique_Notre-Dame_de_Fourvière,0,2,0,0,119,0,2,122
28020,0,Basilique_du_Sacré-Cœur_de_Montmartre,0,11,6,14,797,13,17,841
28020,1,Basilique_du_Sacré-Cœur_de_Montmartre,0,0,0,0,133,1,0,140
28020,3,Basilique_du_Sacré-Cœur_de_Montmartre,1,0,0,0,220,1,1,222
28020,4,Basilique_du_Sacré-Cœur_de_Montmartre,0,0,0,0,142,0,0,142
28023,0,Sagrada_Família,0,0,2,12,2058,18,2,2094
28023,1,Sagrada_Família,0,0,0,0,860,2,0,879
28024,0,Santa_Maria_Novella,3,1,2,7,211,2,6,231
28024,5,Santa_Maria_Novella,0,0,0,0,23,0,0,54
28024,7,Santa_Maria_Novella,0,0,0,2,50,1,0,53
28024,19,Santa_Maria_Novella,0,0,0,0,54,0,0,58
28025,0,Santa_Croce_(Florence),1,3,1,4,197,11,5,218
28025,1,Santa_Croce_(Florence),0,0,0,0,59,0,0,174
28025,7,Santa_Croce_(Florence),0,1,0,0,99,3,1,106
28026,0,Santa_Maria_della_Salute_(Venice),8,1,5,22,513,8,14,560
28026,1,Santa_Maria_della_Salute_(Venice),0,0,0,1,80,1,0,82
28027,0,Pantheon_(Rome),14,4,0,13,1176,19,18,1228
28028,5,Church_of_the_Annunciation,0,0,0,0,216,0,0,217
28028,6,Church_of_the_Annunciation,0,0,0,0,61,0,0,61
28028,13,Church_of_the_Annunciation,0,0,0,0,80,0,0,80
28034,0,Basilique_Sainte-Marie-Madeleine_de_Vézelay,0,0,0,5,208,2,0,215
28034,1,Basilique_Sainte-Marie-Madeleine_de_Vézelay,0,0,0,0,75,3,0,78
28034,4,Basilique_Sainte-Marie-Madeleine_de_Vézelay,0,0,0,0,60,0,0,60
28066,0,Basilica_of_Bom_Jesus_(Goa),0,0,0,0,271,2,0,274
28066,1,Basilica_of_Bom_Jesus_(Goa),0,0,0,0,74,0,0,74
28066,2,Basilica_of_Bom_Jesus_(Goa),0,0,0,1,65,0,0,67
28076,0,San_Pietro_in_Vincoli_(Rome),0,0,0,0,222,2,0,237
28081,0,Notre-Dame_de_Montréal_Basilica,0,0,0,2,211,2,0,215
28081,2,Notre-Dame_de_Montréal_Basilica,0,2,0,1,152,1,2,156
28086,0,Santa_Maria_del_Mar,1,0,0,0,235,2,1,238
28086,2,Santa_Maria_del_Mar,2,0,0,0,131,0,2,133
28097,0,Basilique_Notre-Dame_de_la_Garde,0,0,0,0,146,0,0,146
28097,1,Basilique_Notre-Dame_de_la_Garde,4,1,0,1,184,2,5,192
28121,0,Santa_Maria_in_Trastevere_(Rome),1,0,0,0,181,7,1,200
28121,2,Santa_Maria_in_Trastevere_(Rome),0,0,0,0,70,3,0,73
28122,0,Saint_Mary_Basilica_in_Kraków,0,1,1,3,658,4,2,667
28122,7,Saint_Mary_Basilica_in_Kraków,0,0,0,0,114,1,0,115
28144,0,Church_of_All_Nations_(Jerusalem),0,8,6,3,180,0,14,198
28144,1,Church_of_All_Nations_(Jerusalem),0,11,0,0,184,0,11,197
28147,0,Sint-Nicolaaskerk_(Amsterdam),29,30,17,16,98,5,76,195
28225,1,Basilica_di_San_Giorgio_Maggiore_(Venice),0,1,0,0,147,0,1,149
28225,2,Basilica_di_San_Giorgio_Maggiore_(Venice),0,1,4,15,516,6,5,542
28229,0,San_Vitale_(Ravenna),7,16,0,4,500,10,23,595
28232,0,Baptistry_(Florence),4,4,0,2,190,7,8,208
28232,3,Baptistry_(Florence),2,0,0,0,42,9,2,56
28238,2,Sant'Apollinare_in_Classe_(Ravenna),1,3,0,2,204,5,4,215
28238,19,Sant'Apollinare_in_Classe_(Ravenna),0,0,0,2,68,1,0,71
28258,0,San_Petronio_(Bologna),0,3,2,3,256,3,5,267
28258,3,San_Petronio_(Bologna),0,0,0,0,58,0,0,60
28258,4,San_Petronio_(Bologna),1,0,0,0,82,0,1,84
28265,0,Sant'Antonio_(Padua),0,1,0,0,218,0,1,222
28268,0,Santa_Maria_sopra_Minerva_(Rome),0,0,0,0,175,1,0,201
28314,0,Yererouk_Basilica,0,0,0,0,288,0,0,288
28328,0,Santuário_do_Bom_Jesus_do_Monte,1,1,0,1,210,1,2,214
28328,1,Santuário_do_Bom_Jesus_do_Monte,0,0,0,0,102,0,0,107
28469,0,Sant'Andrea_(Vercelli),0,0,0,0,215,0,0,215
28600,0,Barasoain_Church,0,0,0,0,455,0,0,455
28600,2,Barasoain_Church,0,0,0,0,60,0,0,60
28600,4,Barasoain_Church,0,0,0,0,76,0,0,76
29043,0,"Santo_Niño_Church_in_Bustos,_Bulacan",0,0,0,0,283,0,0,283
29043,1,"Santo_Niño_Church_in_Bustos,_Bulacan",0,0,0,0,460,0,0,460
29043,2,"Santo_Niño_Church_in_Bustos,_Bulacan",0,0,0,0,224,0,0,224
29312,0,Nagcarlan_Church,0,0,0,0,204,0,0,204
29312,1,Nagcarlan_Church,0,0,0,0,95,0,0,95
29348,0,"National_Shrine_of_St._Anne_(Hagonoy,_Bulacan)",0,0,0,0,235,0,0,236
29348,1,"National_Shrine_of_St._Anne_(Hagonoy,_Bulacan)",0,0,0,0,111,0,0,111
29350,0,"Saint_Augustine_Parish_Church_in_Lubao,_Pampanga",0,0,0,0,257,0,0,257
29353,0,"San_Nicholas_De_Tolentino_Parish_Church_(Macabebe,_Pampanga)",0,0,0,0,283,0,0,283
30205,0,Dormition_Church,3,3,0,0,278,1,6,285
30205,1,Dormition_Church,0,0,2,0,70,0,2,72
30382,0,"Our_Lady_of_the_Assumption_Parish_Church_in_Bulacan,_Bulacan",0,0,0,0,113,0,0,113
30382,1,"Our_Lady_of_the_Assumption_Parish_Church_in_Bulacan,_Bulacan",0,0,0,0,221,0,0,221
30618,0,Manaoag_Church,0,0,0,0,198,0,0,198
30905,0,Saint_Peter's_Basilica,7,5,0,9,1055,11,12,1093
30905,1,Saint_Peter's_Basilica,6,9,10,6,1089,16,25,1136
30905,2,Saint_Peter's_Basilica,0,0,1,3,347,6,1,357
31049,0,"Saint_John_of_God_Church_(San_Rafael,_Bulacan)",0,0,0,0,232,0,0,232
31049,2,"Saint_John_of_God_Church_(San_Rafael,_Bulacan)",0,0,0,0,201,0,0,201
31708,0,"Templo_del_Hospicio,_Cochabamba",9,0,0,0,296,0,9,305
31708,1,"Templo_del_Hospicio,_Cochabamba",0,0,0,0,74,0,0,74
31710,0,"Templo_de_San_Francisco,_Cochabamba",0,0,0,0,349,0,0,349
31864,0,Dauis_Church,0,0,0,0,215,0,0,215
33242,0,"Saint-Martin,_Colmar",0,0,0,0,83,0,0,83
33242,3,"Saint-Martin,_Colmar",0,0,0,0,52,0,0,52
33398,1,Sint-Gerlachuskerk_(Houthem),0,0,3,58,14,1,3,356
34533,0,Sistine_Chapel,5,4,0,1,168,36,9,414
35061,0,Saints_Peter_and_Paul_church_in_Kraków,0,0,0,0,194,2,0,197
35068,0,"Jesuit_Church,_Vienna",0,0,0,0,177,3,0,193
35068,1,"Jesuit_Church,_Vienna",0,0,0,0,58,0,0,58
35072,0,Igreja_de_São_Roque_(Lisbon),0,0,15,0,239,1,15,257
35131,0,"Iglesia_de_la_Compañía_de_Jesús,_Cochabamba",1,0,0,0,290,0,1,291
35260,0,Sainte-Chapelle_(Paris),5,0,0,3,557,10,5,576
35260,4,Sainte-Chapelle_(Paris),0,0,0,0,85,0,0,85
35260,6,Sainte-Chapelle_(Paris),17,1,0,2,52,5,18,77
36143,0,Trinity_Chapel_in_Lublin,0,0,0,0,56,0,0,225
36869,0,Capela_dos_Ossos,0,0,0,0,287,3,0,290
37324,0,Capela_do_Senhor_da_Pedra,0,0,0,0,201,1,0,202
58386,0,Baptistry_of_Neon,1,3,2,1,234,6,6,249
58389,0,Baptistry_(Pisa),4,2,1,8,312,7,7,334
58389,2,Baptistry_(Pisa),1,1,0,0,163,1,2,169
62920,1,Palatine_chapel_(Palermo),0,1,0,1,279,5,1,296
64069,1,Bellagio_Hotel_&_Casino,3,0,0,1,335,3,3,342
64084,0,Paris_Las_Vegas,2,0,2,0,299,3,4,312
64311,0,Municipal_House_(Prague),1,0,2,2,194,2,3,203
64311,1,Municipal_House_(Prague),0,0,0,0,59,1,0,60
65123,1,Tesco,0,0,0,0,109,0,0,109
65123,3,Tesco,0,0,0,0,204,0,0,204
65192,1,Rough_Trade_East,0,0,0,0,527,0,0,527
65642,0,Livraria_Lello,0,0,0,0,73,0,0,73
65642,1,Livraria_Lello,0,0,0,0,195,2,0,198
66028,0,Château_Frontenac,0,2,0,0,439,1,2,442
67636,0,Old_Town_Market_Square_in_Kraków,0,0,0,0,248,0,0,248
67636,1,Old_Town_Market_Square_in_Kraków,0,0,0,0,79,0,0,79
67656,0,Rynek_Kościuszki_in_Białystok,0,0,0,0,309,0,0,309
68464,0,Rockefeller_Center,0,0,0,0,346,1,0,347
68464,3,Rockefeller_Center,0,0,0,1,64,0,0,65
68464,4,Rockefeller_Center,0,0,0,0,107,0,0,107
68464,7,Rockefeller_Center,0,0,0,3,121,0,0,126
74371,0,Galleria_Vittorio_Emanuele_II_(Milan),3,2,0,8,901,10,5,933
74842,0,Balmoral_Hotel,0,1,0,0,239,3,1,243
75892,0,Mercat_de_la_Llibertat,0,0,0,0,196,0,0,196
80133,0,Sukiennice,4,2,3,0,448,8,9,465
80244,0,Embers_Avenue,0,0,0,0,156,0,0,156
83849,0,Grand_Place_(Brussels),0,0,1,1,323,2,1,327
83850,0,Grote_Markt_(Antwerp),0,3,2,2,290,1,5,298
85200,1,"Meyer_Werft,_Papenburg",0,0,0,0,394,1,0,395
85353,0,Moulin_Rouge,0,0,0,3,202,3,0,208
87028,0,TRA_Changhua_Roundhouse,0,0,0,0,293,0,0,293
87356,0,Stavropoleos_Church,0,0,0,0,1248,0,0,1249
87356,3,Stavropoleos_Church,0,0,0,0,1526,1,0,1527
87356,15,Stavropoleos_Church,0,0,0,0,52,0,0,52
87392,1,Church_of_the_Intercession_on_the_Nerl,0,0,1,0,252,1,1,254
87404,0,St._Michael's_Golden-Domed_Monastery_in_Kyiv,2,0,0,0,348,0,2,351
87446,0,St._Nicholas_Cathedral_(Saint_Petersburg),0,0,0,0,169,1,0,170
87549,0,Saint_Basil's_Cathedral,1,0,14,44,918,8,15,985
87557,0,"St._Andrew's_Church,_Kyiv",5,5,1,4,523,1,11,539
87566,0,Church_of_the_Saviour_on_the_Blood,0,0,0,1,700,3,0,704
87566,1,Church_of_the_Saviour_on_the_Blood,1,0,0,0,393,1,1,400
87566,2,Church_of_the_Saviour_on_the_Blood,0,0,0,2,264,0,0,267
87567,0,Saint_Isaac's_Cathedral,1,0,0,4,471,1,1,477
87567,1,Saint_Isaac's_Cathedral,11,5,0,5,663,3,16,687
87567,4,Saint_Isaac's_Cathedral,0,0,0,0,93,0,0,93
87567,7,Saint_Isaac's_Cathedral,0,0,0,0,97,0,0,97
89784,0,Novodevichy_Convent,0,0,0,3,283,2,0,288
90788,0,Sampson_Fountain,0,0,0,3,227,3,0,233
90788,1,Sampson_Fountain,0,0,0,1,93,1,0,95
91592,0,Trevi_fountain,9,5,3,7,723,19,17,767
91615,0,Fontana_dei_fiumi_(Rome),0,0,3,4,264,2,3,273
91683,0,Jet_d'eau_de_Genève,0,0,0,1,175,8,0,184
91693,0,Neptune_Monument_in_Gdańsk,2,2,1,0,200,0,5,205
91716,0,Fontana_del_Nettuno_(Bologna),0,0,3,4,321,0,3,330
91765,0,Fontana_pretoria_(Palermo),2,0,1,4,313,3,3,323
92506,0,Fountain_in_Piazza_De_Ferrari_(Genoa),0,0,0,0,265,1,0,266
95437,0,Manneken_Pis_(Brussels),7,2,0,3,188,4,9,206
95714,0,Harmandir_Sahib,1,5,0,1,705,5,6,717
95805,0,Terminal_Tower,0,0,0,3,530,0,0,533
95805,1,Terminal_Tower,0,0,0,2,422,0,0,424
95943,2,Vehicle_Assembly_Building,0,0,0,10,253,3,0,266
95943,3,Vehicle_Assembly_Building,0,0,1,1,53,0,1,55
95981,0,Buffalo_City_Hall,0,0,0,1,123,1,0,125
96080,1,Tour_Montparnasse,0,0,0,0,244,1,0,245
96115,0,Empire_State_Building,0,0,0,0,50,0,0,54
96115,1,Empire_State_Building,0,7,3,21,729,5,10,765
96115,3,Empire_State_Building,0,0,0,1,355,1,0,357
96115,8,Empire_State_Building,0,0,0,1,74,0,0,75
96119,0,Burj_Khalifa,0,0,0,0,281,2,0,283
96128,0,Willis_Tower,0,0,0,5,300,2,0,307
96146,0,Taipei_101,0,0,0,0,345,1,0,346
96146,1,Taipei_101,0,0,0,0,61,0,0,61
96146,3,Taipei_101,0,0,0,0,112,0,0,112
96146,5,Taipei_101,0,0,0,0,69,0,0,69
96173,0,Palace_of_Culture_and_Science,0,0,11,3,1006,7,11,1027
96573,0,New_York-New_York_Hotel_and_Casino,0,0,0,1,184,3,0,213
96579,0,Wrigley_Building,0,10,3,3,261,9,13,286
96797,0,Tribune_Tower,0,0,0,0,67,0,0,67
96797,2,Tribune_Tower,0,0,1,5,198,4,1,208
96825,4,Barbican_Estate,0,0,0,0,268,0,0,268
99112,1,Marina_Bay_Sands,1,0,0,0,151,0,1,152
99217,0,Skyscraper_on_Kotelnicheskaya_Embankment,0,0,1,4,239,3,1,247
102074,0,Bara_Imambara,1,0,0,0,209,0,1,210
102146,0,House_with_Chimeras_(Kyiv),0,1,0,0,274,1,1,276
102301,0,Chehel_Sotun,0,0,0,0,79,0,0,90
102301,2,Chehel_Sotun,0,0,1,2,221,0,1,224
102311,2,Sydney_Opera_House,0,0,0,0,101,0,0,101
102311,3,Sydney_Opera_House,0,0,1,6,297,5,1,309
102311,5,Sydney_Opera_House,0,0,0,1,90,0,0,91
102327,0,Persepolis,0,0,0,1,79,0,0,81
102327,1,Persepolis,1,2,1,4,253,1,4,262
102327,3,Persepolis,0,0,0,1,81,0,0,82
102327,5,Persepolis,0,0,0,1,82,0,0,83
102327,8,Persepolis,0,1,0,4,147,1,1,153
102328,0,Tomb_of_Hafez,0,0,0,2,338,0,0,341
102330,0,CN_Tower,0,0,0,5,471,8,0,484
102343,1,Tokyo_Tower,0,0,0,0,239,9,0,248
102343,2,Tokyo_Tower,0,0,0,0,63,0,0,63
102343,4,Tokyo_Tower,0,0,0,0,180,1,0,181
102344,0,Umayyad_Mosque,0,1,1,13,194,0,2,210
102344,4,Umayyad_Mosque,0,0,0,18,60,0,0,78
102344,5,Umayyad_Mosque,0,0,0,2,81,1,0,84
102390,0,Main_building_of_Moscow_State_University,2,0,6,11,297,1,8,318
102395,0,Spasskaya_Tower,3,6,13,8,278,9,22,317
102397,0,Ali_Qapu,0,0,0,0,70,0,0,70
102397,1,Ali_Qapu,0,0,0,0,86,0,0,86
102397,2,Ali_Qapu,0,0,0,0,66,0,0,67
102397,3,Ali_Qapu,0,0,0,1,177,0,0,178
102397,4,Ali_Qapu,0,0,0,3,298,0,0,306
102656,0,Schweriner_Schloss,2,0,0,0,167,0,2,170
102656,1,Schweriner_Schloss,0,0,0,2,318,1,0,321
102666,0,Shah_Mosque_(Isfahan),0,1,8,21,991,2,9,1023
102666,3,Shah_Mosque_(Isfahan),0,0,0,1,106,0,0,107
102670,0,Kolomenskoe,0,0,0,0,179,3,0,182
102677,0,Batu_Caves,0,0,0,10,184,3,0,197
102677,1,Batu_Caves,0,0,0,0,80,0,0,80
102997,0,Rostov_Kremlin,0,0,2,6,360,1,2,369
102997,1,Rostov_Kremlin,0,0,0,1,136,0,0,137
103124,0,VDNKh_(All-Russian_Exhibition_Center),0,0,2,0,58,0,2,60
103124,1,VDNKh_(All-Russian_Exhibition_Center),0,0,4,3,382,1,4,390
103125,0,Sheikh_Lotfollah_Mosque,0,0,1,2,413,0,1,416
103125,1,Sheikh_Lotfollah_Mosque,0,0,1,4,438,0,1,443
103125,2,Sheikh_Lotfollah_Mosque,0,0,0,0,52,0,0,52
103134,0,Ivan_the_Great_Bell_Tower,3,1,2,4,196,1,6,207
103153,0,Azadi_Tower,0,0,0,4,498,0,0,502
103154,0,Moscow_State_Historical_Museum,2,0,4,4,303,1,6,314
103198,0,Swallow's_Nest_(Crimea),0,0,0,0,283,2,0,285
103612,0,Jameh_Mosque_of_Yazd,0,0,0,2,251,2,0,255
103612,1,Jameh_Mosque_of_Yazd,0,0,0,4,175,3,0,182
103647,2,Imam_Reza_Shrine,0,0,0,0,182,0,0,182
110777,0,Völkerschlachtdenkmal,0,12,17,7,157,2,29,195
110925,1,Frauenkirche_(Dresden),0,0,0,0,993,6,0,1001
110925,2,Frauenkirche_(Dresden),0,0,0,0,282,0,0,291
110925,5,Frauenkirche_(Dresden),0,0,0,0,82,0,0,82
110925,6,Frauenkirche_(Dresden),0,0,0,0,56,0,0,56
110925,7,Frauenkirche_(Dresden),0,0,1,0,96,2,1,99
110934,0,Kunstakademie_(Dresden),2,2,1,16,310,1,5,332
112476,1,Monastery_of_San_Lorenzo_de_El_Escorial,0,0,1,2,80,3,1,86
112476,2,Monastery_of_San_Lorenzo_de_El_Escorial,2,2,0,0,82,3,4,89
112476,4,Monastery_of_San_Lorenzo_de_El_Escorial,1,1,0,2,270,3,2,277
112476,5,Monastery_of_San_Lorenzo_de_El_Escorial,0,0,0,0,54,0,0,54
112591,2,Library_of_Birmingham,0,0,0,0,230,0,0,230
112591,3,Library_of_Birmingham,0,0,0,0,188,0,0,188
113197,0,Taj_Mahal,22,6,15,14,4616,34,43,4711
113197,2,Taj_Mahal,2,0,0,0,361,3,2,366
113197,3,Taj_Mahal,1,0,0,0,153,4,1,158
113197,11,Taj_Mahal,0,0,0,0,143,0,0,143
113208,0,Panthéon_de_Paris,20,7,2,2,399,7,29,440
113208,1,Panthéon_de_Paris,0,0,0,0,222,2,0,228
113221,0,Tomb_of_Safdarjung,2,1,0,0,529,4,3,537
113222,0,Akbar's_Tomb,0,0,0,0,54,0,0,58
113222,1,Akbar's_Tomb,0,0,0,0,47,0,0,52
113222,2,Akbar's_Tomb,0,0,0,0,342,0,0,345
113222,3,Akbar's_Tomb,0,0,0,0,54,0,0,68
113222,7,Akbar's_Tomb,0,0,0,0,112,0,0,129
113222,8,Akbar's_Tomb,0,1,0,0,60,0,1,61
113223,0,Castel_Sant'Angelo_(Rome),2,3,3,6,630,16,8,661
113223,7,Castel_Sant'Angelo_(Rome),0,0,0,0,67,4,0,71
113223,9,Castel_Sant'Angelo_(Rome),0,0,0,0,49,2,0,51
113223,10,Castel_Sant'Angelo_(Rome),0,0,0,0,54,2,0,56
113238,0,Bibi_Ka_Maqbara,4,0,0,1,279,1,4,285
113347,0,Tower_of_the_Winds,0,0,1,1,186,2,1,190
113418,0,Itmad-Ud-Daulah's_Tomb,0,0,0,0,69,0,0,74
113418,1,Itmad-Ud-Daulah's_Tomb,7,8,2,2,619,5,17,644
113418,2,Itmad-Ud-Daulah's_Tomb,0,0,0,0,61,0,0,64
113540,0,Ferdowsi_Mausoleum,0,0,0,2,253,0,0,255
113677,0,Alcázar_of_Seville,2,1,0,2,223,4,3,233
113677,2,Alcázar_of_Seville,0,0,0,1,83,0,0,84
113677,7,Alcázar_of_Seville,0,0,0,0,85,0,0,85
113677,8,Alcázar_of_Seville,0,0,0,1,154,2,0,157
113677,18,Alcázar_of_Seville,0,0,0,0,52,0,0,52
115699,2,Washington_Monument,0,0,0,0,257,5,0,262
115723,0,Luxor_Obelisk,4,1,0,3,267,4,5,285
117184,0,Lapa_do_Santo_archaeological_site,0,0,0,0,207,0,0,207
117438,0,Berlin_Victory_Column,2,9,3,1,248,14,14,277
117438,9,Berlin_Victory_Column,0,0,0,0,54,0,0,54
117441,0,Trajan's_Column,5,1,0,4,314,9,6,334
117537,1,Iron_pillar,4,2,0,0,323,1,6,330
117543,1,Nelson's_Column,4,0,0,3,299,2,4,308
117544,0,Column_of_Alexander_I,4,2,3,6,354,1,9,371
117556,0,Monument_a_Colom_(Barcelona),2,0,0,2,208,3,2,215
117785,0,Castillo_de_San_Marcos_National_Monument,0,0,0,1,192,0,0,195
118239,0,Nesher_Cenotaph,0,0,1,0,241,1,1,243
118239,1,Nesher_Cenotaph,0,0,0,0,56,0,0,56
120079,0,"Qutb_Minar_and_its_monuments,_Delhi",0,0,0,0,551,0,0,551
120079,5,"Qutb_Minar_and_its_monuments,_Delhi",0,0,0,0,68,0,0,68
121402,0,Tomb_of_the_Unknown_Soldier_(Arlington_National_Cemetery),0,3,0,0,266,0,3,270
121402,4,Tomb_of_the_Unknown_Soldier_(Arlington_National_Cemetery),0,85,0,1,255,0,85,341
123420,0,Mausoleum_of_Galla_Placidia_(Ravenna),0,7,0,1,306,9,7,329
123420,2,Mausoleum_of_Galla_Placidia_(Ravenna),0,0,0,0,64,0,0,64
123437,0,Tomb_of_Pari_Bibi,0,0,0,0,451,0,0,451
124127,0,Dôme_des_Invalides,16,3,1,2,431,6,20,459
124127,1,Dôme_des_Invalides,2,0,0,0,149,2,2,155
126567,0,Mount_Rushmore,1,2,5,10,415,14,8,448
126767,0,Stonehenge,0,0,1,29,668,11,1,709
126800,0,Casa_Milà,0,2,0,1,342,7,2,352
126800,2,Casa_Milà,0,0,0,3,157,2,0,162
126800,6,Casa_Milà,0,0,0,1,53,0,0,54
126805,0,Parc_Güell,0,3,0,3,780,13,3,799
126805,1,Parc_Güell,0,0,0,0,60,2,0,62
126912,0,"Victoria_Memorial,_London",0,2,0,6,273,1,2,282
126917,1,Palacio_de_la_Aljafería_(Zaragoza),0,0,0,3,91,0,0,94
126917,2,Palacio_de_la_Aljafería_(Zaragoza),0,0,0,1,173,0,0,174
127027,0,Kamakura_Daibutsu,7,8,2,8,171,10,17,206
127049,0,Casa_Batlló,0,2,0,1,425,5,2,462
127049,1,Casa_Batlló,0,0,0,0,169,1,0,170
127049,11,Casa_Batlló,0,0,0,0,61,0,0,61
127054,0,Nationaal_Monument_(Amsterdam),0,0,1,2,57,1,1,61
127054,1,Nationaal_Monument_(Amsterdam),0,0,327,116,25,0,327,468
127622,0,Descent_of_the_Ganges,1,5,0,3,277,2,6,288
127624,0,Charminar,1,1,0,0,787,4,2,793
127624,1,Charminar,0,0,0,0,75,0,0,75
127694,0,Torre_del_Oro,0,0,0,1,146,1,0,148
127704,0,"Plaza_de_España,_Seville",0,0,0,0,57,0,0,57
127704,1,"Plaza_de_España,_Seville",1,0,0,6,595,5,1,607
128018,0,Palau_Nacional_(Barcelona),0,0,0,4,394,0,0,398
128018,1,Palau_Nacional_(Barcelona),0,0,0,0,58,1,0,59
128030,0,"Palacio_de_Cristal,_Madrid",0,0,0,0,183,0,0,183
128040,0,Scott_Monument,5,2,0,4,335,6,7,352
128040,2,Scott_Monument,0,0,0,2,48,0,0,50
128597,0,Padrão_dos_Descobrimentos,0,0,0,3,1106,4,0,1113
128597,3,Padrão_dos_Descobrimentos,0,0,0,0,107,0,0,111
128597,10,Padrão_dos_Descobrimentos,0,0,0,0,38,0,0,54
128613,0,Millennium_Monument_(Budapest),0,9,10,4,225,4,19,252
128950,2,Palacio_de_Comunicaciones,0,0,0,2,305,0,0,307
128950,4,Palacio_de_Comunicaciones,0,0,0,0,80,0,0,80
128950,5,Palacio_de_Comunicaciones,0,0,0,0,92,0,0,92
128950,15,Palacio_de_Comunicaciones,0,0,0,0,135,0,0,135
128950,16,Palacio_de_Comunicaciones,0,0,0,0,141,0,0,141
128950,19,Palacio_de_Comunicaciones,0,0,0,0,93,0,0,93
128992,0,"Monument_to_Nicholas_I_of_Russia,_Saint_Petersburg",3,7,0,0,165,3,10,178
129620,0,Pakistan_Monument_Islamabad,0,0,0,1,544,2,0,547
129640,0,Hiran_Minar,16,0,0,4,180,1,16,201
129852,0,Monument_to_Bohdan_Khmelnytsky_in_Kyiv,0,3,0,3,239,5,3,250
131955,0,Great_Sphinx_of_Giza,48,27,4,15,474,32,79,602
132020,0,"Plague_Column,_Vienna",0,0,1,2,202,0,1,207
133018,0,Mutiny_Memorial,0,0,0,0,192,2,0,194
133228,0,"Plaza_Mayor,_Salamanca",0,0,0,0,143,3,0,146
133228,1,"Plaza_Mayor,_Salamanca",0,1,0,0,267,0,1,268
139979,1,"Humayun's_Tomb,_Delhi",5,3,0,1,2320,12,8,2342
139979,2,"Humayun's_Tomb,_Delhi",0,0,0,0,193,0,0,193
139979,4,"Humayun's_Tomb,_Delhi",0,0,0,0,52,0,0,52
139979,5,"Humayun's_Tomb,_Delhi",0,0,0,0,63,0,0,63
139979,10,"Humayun's_Tomb,_Delhi",0,0,0,0,147,1,0,148
140350,0,Newgrange,0,0,0,8,207,1,0,218
140350,1,Newgrange,0,0,0,0,130,0,0,130
140351,0,El_Deir,1,3,0,2,228,1,4,236
140381,0,Al_Khazneh,2,4,1,8,558,4,7,578
141135,0,"Tomb_of_Maximilian_I,_Holy_Roman_Emperor",2,0,0,1,146,0,2,149
141868,0,Isa_Khan_Niyazi's_tomb,0,0,0,0,605,2,0,609
141868,1,Isa_Khan_Niyazi's_tomb,0,0,0,0,48,0,0,58
141943,0,"Dai_Anga_Tomb,_Lahore",0,0,0,0,273,0,0,273
141943,1,"Dai_Anga_Tomb,_Lahore",0,0,0,0,87,0,0,87
143198,0,Soviet_Cenotaph_in_Berlin-Tiergarten,1,0,1,9,221,0,2,232
159326,0,"Victoria_Memorial,_Kolkata",1,3,0,0,880,3,4,887
160280,0,Lincoln_Memorial,1,83,10,6,467,4,94,574
160280,2,Lincoln_Memorial,0,13,18,7,323,1,31,363
160281,0,Hiroshima_Peace_Memorial_(Genbaku_Dome),0,0,1,5,332,23,1,361
160684,0,Abraham_Lincoln_seated_at_the_Lincoln_Memorial,1,84,8,5,319,3,93,423
166354,0,Celsus_library_in_Ephesus,0,0,0,6,325,11,0,342
167763,0,Auberchicourt_British_Cemetery,0,0,0,0,230,0,0,230
169350,0,Douai_Communal_Cemetery,0,0,0,0,366,0,0,366
169919,1,Nécropole_nationale_de_Dunkerque,0,0,0,0,1495,0,0,1495
169933,1,Nécropole_nationale_d'Haubourdin,0,0,0,0,1914,0,0,1914
170103,0,Prague_Castle,1,0,4,1,760,8,5,775
170103,2,Prague_Castle,0,0,0,2,349,4,0,355
170103,3,Prague_Castle,0,0,1,1,133,4,1,139
170103,4,Prague_Castle,0,0,0,0,200,3,0,203
170103,7,Prague_Castle,0,0,0,0,81,1,0,82
171780,0,Colossi_of_Memnon,0,0,0,10,221,9,0,240
174752,0,Hagia_Sophia,0,0,0,3,80,0,0,89
174752,1,Hagia_Sophia,0,0,0,1,80,0,0,84
174752,2,Hagia_Sophia,14,9,1,10,981,18,24,1037
174752,4,Hagia_Sophia,0,0,0,2,66,0,0,68
174752,14,Hagia_Sophia,0,0,1,0,249,0,1,250
174752,22,Hagia_Sophia,0,0,0,0,55,0,0,55
174756,0,Sultan_Ahmed_I_Mosque,0,0,1,0,313,2,1,316
174756,1,Sultan_Ahmed_I_Mosque,0,0,0,0,306,0,0,306
174756,3,Sultan_Ahmed_I_Mosque,0,0,0,0,153,0,0,153
174758,0,Kul_Sharif_Mosque,0,0,0,0,123,0,0,123
174758,1,Kul_Sharif_Mosque,0,0,0,0,203,0,0,203
174761,0,Dome_of_the_Rock,2,0,2,10,1281,2,4,1301
174764,0,Süleymaniye_Mosque,1,0,0,0,139,1,1,141
174773,0,"Jama_Masjid,_Delhi",4,12,0,2,597,6,16,621
174773,1,"Jama_Masjid,_Delhi",0,0,0,0,84,2,0,86
174792,0,Badshahi_Mosque,3,0,1,0,518,1,4,523
174810,0,Faisal_Mosque,50,0,0,1,777,0,50,828
174836,0,Muhammad_Ali_Mosque,9,2,1,3,624,4,12,644
174836,1,Muhammad_Ali_Mosque,0,0,0,0,244,1,0,245
174859,0,Al-Hakim_Mosque,0,0,0,1,166,0,0,167
174870,2,Baitul_Mukarram,0,0,0,0,99,0,0,99
174870,4,Baitul_Mukarram,0,0,0,1,201,0,0,202
174891,0,New_Mosque_(Istanbul),1,1,0,0,201,4,2,207
174891,1,New_Mosque_(Istanbul),0,0,0,0,63,0,0,63
174907,0,Šarena_Džamija_(Tetovo),0,0,0,9,308,0,0,318
174932,0,Great_Mosque_of_Kairouan,0,0,0,4,232,1,0,237
174932,1,Great_Mosque_of_Kairouan,0,0,0,1,140,1,0,142
174932,3,Great_Mosque_of_Kairouan,0,0,0,3,120,1,0,124
174934,0,Jameh_Mosque_of_Isfahan,0,2,6,16,429,0,8,454
174939,0,Mustafa_Pasha_Mosque_(Skopje),0,0,0,0,200,0,0,200
174943,0,Zitouna_Mosque,0,1,0,2,276,1,1,281
175047,0,Vakil_Mosque,0,0,0,0,373,0,0,376
175058,0,Nasir-ol-Molk_Mosque,0,0,0,0,432,3,0,439
175058,1,Nasir-ol-Molk_Mosque,0,0,0,0,77,0,0,78
175058,3,Nasir-ol-Molk_Mosque,0,0,0,0,98,0,0,98
175061,0,"Blue_Mosque,_Yerevan",2,0,0,0,214,0,2,216
175096,1,Wazir_Khan_Mosque,8,0,0,0,418,0,8,433
175096,3,Wazir_Khan_Mosque,0,0,0,2,60,0,0,66
175254,1,Agha_Bozorg_Mosque,1,0,0,0,114,0,1,115
175254,3,Agha_Bozorg_Mosque,0,0,0,0,62,0,0,62
175987,0,Qila-i-Kuhna_mosque,0,1,0,0,382,2,1,385
176051,0,Sat_Gambuj_Mosque,0,0,0,0,83,0,0,83
176051,1,Sat_Gambuj_Mosque,0,0,0,0,300,0,0,300
176127,0,Bara_Gumbad,0,0,0,0,70,0,0,70
176127,1,Bara_Gumbad,0,0,0,0,273,1,0,283
177067,0,Asfi_Mosque,2,1,0,0,190,1,3,194
177689,0,Luxembourg_Palace,4,0,1,5,425,6,5,442
177715,0,Mysore_Palace,2,0,0,4,429,8,2,444
177716,0,Amber_Fort,1,1,0,1,228,1,2,241
177716,1,Amber_Fort,0,0,0,0,185,1,0,186
177716,3,Amber_Fort,0,0,0,0,359,0,0,359
177716,4,Amber_Fort,1,2,0,0,227,0,3,238
177716,8,Amber_Fort,0,0,0,0,91,0,0,91
177717,0,Grand_Palais,0,10,0,0,360,1,10,371
177717,1,Grand_Palais,0,2,0,0,67,0,2,69
177717,5,Grand_Palais,0,3,0,0,48,1,3,52
177743,0,Generalife,0,0,0,0,76,0,0,76
177743,2,Generalife,2,0,0,0,295,0,2,297
177746,2,Palácio_Nacional_de_Sintra,0,0,0,0,88,0,0,88
177746,3,Palácio_Nacional_de_Sintra,0,0,1,5,307,0,1,317
177746,9,Palácio_Nacional_de_Sintra,0,0,0,0,68,0,0,70
177768,0,Palace_of_Versailles,3,1,0,0,168,8,4,183
177768,1,Palace_of_Versailles,0,0,0,0,39,0,0,57
177768,3,Palace_of_Versailles,0,0,0,0,48,1,0,53
177768,7,Palace_of_Versailles,0,4,0,3,489,2,4,500
177768,9,Palace_of_Versailles,3,2,2,2,210,3,7,232
177768,22,Palace_of_Versailles,0,4,2,2,202,0,6,210
177770,0,Neuschwanstein_Castle,4,0,0,4,516,13,4,537
177770,1,Neuschwanstein_Castle,5,0,0,0,156,3,5,167
177777,0,Windsor_Castle,2,2,1,12,314,2,5,333
177777,1,Windsor_Castle,0,0,0,3,55,1,0,59
177778,0,Hofburg,0,0,0,0,195,1,0,196
177778,2,Hofburg,0,0,0,1,52,1,0,54
177778,13,Hofburg,0,0,0,0,49,1,0,50
177779,1,Buda_Castle,0,0,0,2,121,1,0,124
177779,2,Buda_Castle,0,0,0,0,223,4,0,227
177780,3,Alhambra,1,0,0,2,276,0,1,279
177780,5,Alhambra,0,0,0,2,127,0,0,129
177780,8,Alhambra,14,1,3,14,499,3,18,534
177780,9,Alhambra,22,4,4,40,919,6,30,995
177780,13,Alhambra,0,0,0,0,53,0,0,53
177780,23,Alhambra,0,0,0,0,83,0,0,83
177780,39,Alhambra,0,0,0,2,50,0,0,52
177780,43,Alhambra,0,0,0,0,54,0,0,54
177787,0,Palácio_Nacional_da_Pena,1,0,0,0,80,0,1,83
177787,1,Palácio_Nacional_da_Pena,0,0,1,8,809,3,1,831
177787,4,Palácio_Nacional_da_Pena,0,0,0,0,104,0,0,105
177787,7,Palácio_Nacional_da_Pena,0,0,0,0,55,0,0,55
177787,8,Palácio_Nacional_da_Pena,0,0,0,0,69,0,0,71
177787,17,Palácio_Nacional_da_Pena,0,0,0,0,64,0,0,64
177788,0,Potala_Palace,0,93,2,3,251,4,95,353
177789,1,Forbidden_City,0,0,0,4,49,0,0,53
177789,6,Forbidden_City,0,0,0,3,105,1,0,109
177789,7,Forbidden_City,0,0,1,6,170,3,1,180
177789,9,Forbidden_City,0,0,0,0,78,0,0,78
177789,13,Forbidden_City,0,1,0,2,117,1,1,121
177790,1,Troja_Castle,0,0,0,0,120,2,0,122
177800,1,Palais_des_Papes_d'Avignon,1,0,2,0,279,6,3,288
177805,0,Schloss_Sanssouci,0,0,20,10,298,16,20,345
177806,0,"Zwinger,_Dresden",3,9,62,138,1022,9,74,1250
177806,2,"Zwinger,_Dresden",0,0,0,5,52,0,0,57
177808,0,Würzburg_Residence_with_the_Court_Gardens_and_Residence_Square,0,0,0,2,188,0,0,190
177808,2,Würzburg_Residence_with_the_Court_Gardens_and_Residence_Square,0,0,2,1,76,0,2,79
177808,3,Würzburg_Residence_with_the_Court_Gardens_and_Residence_Square,1,0,0,3,88,0,1,92
177816,1,Royal_Palace_of_Madrid,0,0,0,1,376,5,0,382
177816,2,Royal_Palace_of_Madrid,0,0,0,0,66,0,0,69
177816,3,Royal_Palace_of_Madrid,1,0,1,3,317,7,2,329
177816,4,Royal_Palace_of_Madrid,0,0,0,0,51,0,0,51
177816,8,Royal_Palace_of_Madrid,0,0,0,0,49,1,0,50
177820,0,Winter_Palace,0,0,1,13,382,6,1,402
177820,2,Winter_Palace,0,0,1,2,98,2,1,103
177823,0,Doge's_Palace_(Venice),15,6,13,22,750,19,34,827
177823,1,Doge's_Palace_(Venice),1,0,0,0,52,1,1,63
177823,2,Doge's_Palace_(Venice),10,4,4,4,222,6,18,250
177831,0,Rosenborg_Castle,2,1,0,4,232,1,3,240
177834,1,Belvedere_(Vienna),2,0,0,4,733,12,2,751
177834,4,Belvedere_(Vienna),0,0,0,0,248,3,0,251
177860,6,Palais_du_Louvre,7,0,0,2,108,0,7,117
177860,7,Palais_du_Louvre,16,0,0,1,364,4,16,385
177860,9,Palais_du_Louvre,3,0,0,2,53,0,3,58
177922,0,Palazzo_Ducale_(Urbino),0,0,1,18,210,1,1,230
177922,1,Palazzo_Ducale_(Urbino),0,0,0,2,75,0,0,77
177952,0,Schloss_Seehof,0,0,0,0,199,0,0,199
177971,0,Peleș_Castle,0,0,0,0,56,1,0,58
177971,1,Peleș_Castle,1,1,3,0,310,2,5,317
177987,0,Christiansborg_Palace,0,0,5,4,221,21,5,252
178070,0,Schloss_Nordkirchen,0,0,0,0,411,0,0,411
178070,2,Schloss_Nordkirchen,0,0,0,0,82,0,0,82
178081,0,Schloss_Ludwigsburg,0,3,1,2,89,0,4,95
178081,1,Schloss_Ludwigsburg,0,0,3,0,48,1,3,52
178109,0,Hawa_Mahal,1,0,0,0,496,3,1,501
178109,1,Hawa_Mahal,1,0,0,0,123,0,1,124
178555,0,Palácio_de_São_Bento,0,0,0,0,214,1,0,216
179040,0,Palau_del_Marqués_de_Dos_Aigües,2,0,0,1,188,2,2,193
179040,6,Palau_del_Marqués_de_Dos_Aigües,0,0,0,0,100,0,0,100
179040,7,Palau_del_Marqués_de_Dos_Aigües,0,0,0,0,53,0,0,53
179053,1,Palacio_de_Carlos_V,1,0,0,1,73,0,1,75
179053,3,Palacio_de_Carlos_V,0,0,0,0,196,0,0,196
179357,1,Dolmabahçe_Palace,0,0,0,2,194,3,0,199
179357,3,Dolmabahçe_Palace,0,0,0,0,56,0,0,56
179427,0,Palace_of_Darius_I_in_Persepolis,0,1,0,2,161,0,1,164
179427,1,Palace_of_Darius_I_in_Persepolis,0,0,0,1,57,0,0,58
179927,0,Branicki_Palace_in_Białystok,0,3,0,1,264,0,3,268
179941,0,Grand_Peterhof_Palace,1,0,1,12,640,6,2,660
179941,1,Grand_Peterhof_Palace,0,0,0,1,110,1,0,112
179970,0,Quinta_da_Regaleira,0,0,0,0,226,0,0,226
179970,1,Quinta_da_Regaleira,0,0,0,0,56,0,0,56
179970,2,Quinta_da_Regaleira,0,0,0,0,67,0,0,67
179970,8,Quinta_da_Regaleira,0,0,0,0,89,0,0,89
179970,11,Quinta_da_Regaleira,0,0,0,0,56,0,0,57
179990,0,Catherine_Palace,0,0,0,1,207,0,0,246
179990,1,Catherine_Palace,0,0,0,0,60,0,0,60
179990,2,Catherine_Palace,0,0,0,0,55,0,0,56
179990,5,Catherine_Palace,0,0,0,3,127,0,0,130
179990,7,Catherine_Palace,0,0,0,0,76,0,0,76
179990,8,Catherine_Palace,0,0,0,2,334,3,0,339
180276,0,Schoenborn_Palace,0,0,0,1,237,2,0,240
181328,0,Jahangiri_Mahal_(Agra_Fort),0,0,0,2,238,1,0,241
181371,0,Tajhat_Palace,0,0,0,0,225,0,0,225
181705,0,Palais_de_Chaillot,0,11,9,11,499,2,20,532
183634,0,Lotus_Mahal_(Hampi),1,0,0,0,212,2,1,215
185007,0,Quirinal_Palace,0,0,1,0,162,0,1,163
185007,5,Quirinal_Palace,0,0,0,0,60,0,0,60
185010,0,Palazzo_Vecchio,3,4,2,13,346,19,9,388
185010,7,Palazzo_Vecchio,3,0,0,0,120,1,3,129
185010,12,Palazzo_Vecchio,0,0,0,0,47,0,0,54
185065,0,Palazzo_Pubblico_(Siena),4,0,1,6,199,1,5,213
185400,0,Galleria_Alberto_Sordi_(Rome),2,0,0,0,254,1,2,257
185400,1,Galleria_Alberto_Sordi_(Rome),0,0,0,0,88,2,0,90
185693,0,Palazzo_Madama_(Turin),0,0,0,3,179,8,0,190
185693,2,Palazzo_Madama_(Turin),0,0,0,0,84,2,0,86
185845,0,Buckingham_Palace,0,3,0,17,941,3,3,964
185848,0,Dresden_Castle,5,8,4,9,240,0,17,267
185848,1,Dresden_Castle,0,0,0,3,60,0,0,63
185851,1,Drottningholm_Palace,0,1,0,3,187,4,1,195
185955,3,"Royal_Castle,_Warsaw",0,0,0,0,51,0,0,51
185955,4,"Royal_Castle,_Warsaw",1,6,0,2,293,4,7,306
185957,0,"Royal_Palace,_Oslo",3,8,8,1,172,12,19,204
185967,0,Royal_Palace_of_Amsterdam,69,38,137,54,289,22,244,610
185967,1,Royal_Palace_of_Amsterdam,1,10,55,12,51,2,66,142
186246,0,Arena_(Verona),1,1,0,2,240,7,2,251
186248,0,Chicago_Theatre,0,0,1,1,164,1,1,167
186483,0,Royal_Albert_Hall,2,0,0,8,281,0,2,292
186591,0,Lviv_Opera_House,0,0,0,0,261,1,0,262
187209,0,Manila_Metropolitan_Theater,0,0,0,0,201,0,0,201
187593,0,Tatar_State_Opera_and_Ballet_Theatre,0,0,0,0,240,0,0,240
187593,1,Tatar_State_Opera_and_Ballet_Theatre,0,0,0,0,150,0,0,150
187593,2,Tatar_State_Opera_and_Ballet_Theatre,0,0,0,0,66,0,0,66
187836,0,Theatro_Municipal_de_São_Paulo,0,2,0,0,231,3,2,238
187837,0,Teatro_Carlo_Felice_(Genoa),0,0,0,0,199,1,0,200
187949,0,Roman_theater_in_Amman,0,0,0,1,227,2,0,230
188381,0,Hamburger_Rathaus,0,0,0,0,248,2,0,251
188386,0,Neues_Rathaus_(München),4,4,6,7,379,5,14,405
188387,0,Rotes_Rathaus,0,2,13,11,272,4,15,302
188402,0,Oslo_City_Hall,0,4,16,1,53,0,20,77
188402,1,Oslo_City_Hall,0,0,4,1,52,0,4,57
188402,4,Oslo_City_Hall,0,6,30,7,159,1,36,203
188411,0,Altes_Rathaus_(Bamberg),0,2,0,0,323,2,2,329
188479,0,Theatre_of_Hierapolis,0,0,0,3,110,0,0,113
189078,0,Altes_Rathaus_(Leipzig),0,0,98,46,126,5,98,275
189104,0,Neues_Rathaus_(Hannover),0,0,0,0,214,0,0,214
189109,1,Stockholm_City_Hall,0,2,0,5,460,6,2,473
189605,0,Vienna_City_Hall,1,8,3,1,369,5,12,387
189625,0,Tallinn_Town_Hall,0,0,0,1,205,1,0,207
189636,2,San_Francisco_City_Hall,0,2,0,2,280,2,2,286
189730,0,Gdańsk_Main_Town_Hall,2,3,13,0,289,0,18,307
189860,1,Old_Town_Hall_in_Toruń,0,0,0,1,156,3,0,160
189875,1,"Old_City_Hall,_Boston",0,0,3,0,209,0,3,212
190033,0,Seattle_City_Hall,0,0,0,0,231,0,0,231
190045,0,Old_Town_Hall_(Prague),0,0,7,9,2505,7,7,2528
190045,1,Old_Town_Hall_(Prague),0,0,0,0,89,0,0,89
190045,3,Old_Town_Hall_(Prague),0,0,0,0,113,0,0,113
190045,7,Old_Town_Hall_(Prague),0,0,0,0,126,0,0,126
190045,8,Old_Town_Hall_(Prague),0,0,0,0,59,0,0,59
190045,12,Old_Town_Hall_(Prague),0,0,0,0,85,0,0,85
190045,13,Old_Town_Hall_(Prague),0,0,0,0,201,0,0,201
190045,22,Old_Town_Hall_(Prague),0,0,0,0,175,0,0,175
190075,0,Stadhuis_Haarlem,21,32,15,19,46,67,68,200
190462,12,Leeds_Town_Hall,0,0,0,1,85,0,0,86
190517,0,Stadhuis_(Gouda),1,1,7,40,148,14,9,211
190557,2,Brisbane_City_Hall,0,1,0,0,278,0,1,279
190557,3,Brisbane_City_Hall,0,0,0,0,70,0,0,70
193699,0,Burgtheater,2,0,1,5,188,3,3,200
193699,1,Burgtheater,0,0,0,0,36,0,0,54
194269,0,Amphitheatre_(Pula),0,0,0,5,390,9,0,404
194273,0,Theatre_of_Epidaurus,2,0,0,3,253,1,2,259
194375,0,Amphitheatre_(Tarragona),0,0,0,1,199,3,0,203
194576,0,Brussels_town_hall,14,3,2,0,337,9,19,365
195317,0,Semperoper,15,30,23,90,544,9,68,714
195317,1,Semperoper,0,0,0,5,87,0,0,93
195317,2,Semperoper,0,0,0,2,51,0,0,53
195324,0,Opéra_Garnier,29,27,5,8,345,15,61,430
195324,2,Opéra_Garnier,0,0,0,3,86,3,0,92
195324,3,Opéra_Garnier,3,0,0,0,64,0,3,69
195328,0,Vienna_State_Opera,10,2,3,10,266,8,15,300
195328,1,Vienna_State_Opera,0,0,0,0,80,0,0,80
195328,2,Vienna_State_Opera,0,0,0,0,56,1,0,57
195505,0,Palacio_de_Bellas_Artes,1,3,1,1,538,7,5,551
197303,0,Theatre_of_Herodes_Atticus,0,0,1,0,224,3,1,228
197303,1,Theatre_of_Herodes_Atticus,0,0,0,0,59,1,0,60
197303,2,Theatre_of_Herodes_Atticus,0,0,0,0,60,3,0,63
197606,0,Hungarian_Parliament_Building,0,1,2,8,713,11,3,735
197606,1,Hungarian_Parliament_Building,0,0,0,1,206,1,0,209
197608,0,Palace_of_Westminster,1,1,2,10,1553,8,4,1575
197608,1,Palace_of_Westminster,10,4,0,3,90,2,14,109
197612,0,"Palacio_Legislativo,_Uruguay",0,0,0,0,242,0,0,242
197621,0,Austrian_Parliament_Building,1,6,4,4,354,12,11,381
197622,0,Legislative_Yuan,0,0,0,0,359,1,0,360
197622,6,Legislative_Yuan,0,0,0,0,73,0,0,74
197622,17,Legislative_Yuan,0,0,0,0,50,0,0,50
197702,0,British_Columbia_Parliament_Buildings,0,4,0,6,191,5,4,206
197706,0,Palácio_Nereu_Ramos,0,0,0,0,295,2,0,297
197709,0,Centre_Block,0,1,1,1,229,1,2,233
198027,0,Hôtel_de_Ville_de_Paris,12,4,2,7,478,9,18,514
198033,0,Wrocław_Town_Hall,4,14,0,1,371,7,18,397
198039,0,Montreal_City_Hall,0,1,0,2,235,1,1,244
200849,0,Hôtel-Dieu_de_Beaune,2,5,0,7,201,5,7,220
200849,3,Hôtel-Dieu_de_Beaune,0,0,0,0,82,2,0,86
202828,0,Greenwich_Hospital,0,0,0,0,169,2,0,180
202828,1,Greenwich_Hospital,0,0,0,1,385,0,0,388
202828,2,Greenwich_Hospital,0,1,0,0,101,0,1,110
203574,0,"Chennakesava_Temple,_Somanathapura",0,0,0,0,711,4,0,719
203574,1,"Chennakesava_Temple,_Somanathapura",0,0,0,0,81,0,0,81
203616,0,Ajanta_Caves,0,0,0,1,277,0,0,278
203616,1,Ajanta_Caves,0,0,0,1,155,0,0,157
203641,0,Garni_Temple,0,0,0,1,586,4,0,591
203649,0,Temple_of_Antoninus_and_Faustina_(Rome),5,0,0,3,191,7,5,206
203651,1,Templo_Mayor,0,0,0,0,374,1,0,379
203750,0,"Lakshminarayana_Temple,_Hosaholalu",0,0,0,0,315,0,0,315
205843,0,"Vidyashankara_Temple,_Shringeri",0,0,0,4,187,3,0,194
206083,0,Toji,0,0,0,0,214,2,0,216
206501,0,Medinet_Habu,10,1,0,7,346,2,11,369
206501,1,Medinet_Habu,0,0,0,0,81,0,0,81
206501,4,Medinet_Habu,5,0,0,0,47,0,5,53
206501,5,Medinet_Habu,0,0,0,2,107,2,0,111
206501,6,Medinet_Habu,8,0,0,2,137,0,8,148
206978,0,Parthenon,0,1,10,12,226,1,11,250
206978,1,Parthenon,0,0,8,2,397,1,8,408
206978,2,Parthenon,0,1,0,0,49,1,1,55
206981,0,Erechtheum,5,7,14,12,650,3,26,692
206990,0,Temple_of_Aphaia,0,0,0,1,187,2,0,190
207003,0,Temple_of_Zeus_in_Athens,2,0,1,4,388,5,3,400
207089,0,"Krishna_Mandir,_Patan",1,1,1,3,229,0,3,235
207217,0,Temple_of_Apollo_in_Delphi,0,0,0,2,255,8,0,265
207227,0,Temple_of_Poseidon_at_Cape_Sounion,0,0,0,6,269,1,0,276
207358,26,Angkor_Wat,0,0,0,0,52,0,0,52
207358,34,Angkor_Wat,0,0,0,3,197,0,0,200
207359,0,Prambanan,0,0,0,3,134,5,0,142
207369,0,Konark_Sun_Temple,2,3,0,3,609,7,5,664
207369,1,Konark_Sun_Temple,0,0,0,0,50,1,0,56
207369,3,Konark_Sun_Temple,0,0,0,0,77,1,0,86
207371,0,Badami_Cave_Temples,0,0,0,0,587,6,0,602
207371,1,Badami_Cave_Temples,0,0,0,0,63,0,0,63
207371,2,Badami_Cave_Temples,0,0,0,1,68,0,0,69
207371,3,Badami_Cave_Temples,0,0,0,0,59,0,0,59
207373,0,"Bhairavnath_Temple,_Bhaktapur",0,0,0,3,227,1,0,231
207388,0,Shore_Temple,0,4,0,3,572,4,4,583
207401,0,Gangaikonda_Cholapuram,0,0,0,0,262,3,0,265
207401,1,Gangaikonda_Cholapuram,0,0,0,0,61,0,0,61
207401,2,Gangaikonda_Cholapuram,0,0,0,0,85,0,0,85
207401,3,Gangaikonda_Cholapuram,0,0,0,0,64,0,0,64
207402,0,"Nyatapola_Temple,_Bhaktapur",0,1,0,2,487,1,1,491
207453,0,Pancha_Rathas,0,6,0,1,261,0,6,268
207454,0,Virupaksha_Temple,0,0,0,0,289,3,0,292
207454,1,Virupaksha_Temple,0,0,0,0,102,1,0,103
207473,0,Janaki_Mandir,0,0,0,1,284,2,0,287
207477,0,Kantanagar_Temple,0,0,0,0,223,3,0,228
207480,0,Airavatesvara_Temple,0,0,0,0,270,1,0,271
207480,1,Airavatesvara_Temple,0,0,0,0,56,1,0,57
207483,0,Hoysaleswara_Temple,2,0,0,7,1089,2,2,1100
207483,1,Hoysaleswara_Temple,0,0,0,1,266,1,0,268
207483,2,Hoysaleswara_Temple,1,0,0,1,209,1,1,213
207483,4,Hoysaleswara_Temple,0,1,0,0,111,1,1,113
207507,0,"Chennakesava_Temple,_Belur",0,0,0,1,783,0,0,784
207507,2,"Chennakesava_Temple,_Belur",0,0,0,0,79,0,0,79
207507,4,"Chennakesava_Temple,_Belur",1,0,0,2,164,1,1,168
207507,11,"Chennakesava_Temple,_Belur",0,0,0,0,63,0,0,63
207761,0,Varadharaja_Perumal_Temple,0,0,0,0,200,0,0,200
207761,2,Varadharaja_Perumal_Temple,0,0,0,0,93,0,0,93
207971,1,Mosteiro_da_Batalha,0,0,4,10,507,5,4,526
207971,2,Mosteiro_da_Batalha,0,0,0,0,203,1,0,205
207971,4,Mosteiro_da_Batalha,0,0,0,2,184,0,0,186
208021,0,Gangaikonda_Cholapuram_Temple,0,0,0,0,382,2,0,384
208021,8,Gangaikonda_Cholapuram_Temple,0,0,0,0,54,0,0,54
208126,0,Bhoganandishwara_Temple,0,0,0,0,417,0,0,417
208126,1,Bhoganandishwara_Temple,0,0,0,0,52,0,0,52
208126,2,Bhoganandishwara_Temple,0,0,0,0,58,0,0,58
208703,0,"Taleju_Temple,_Kathmandu",0,0,0,3,206,0,0,209
208749,0,Vittala_Temple,1,0,0,0,78,0,1,79
208749,1,Vittala_Temple,0,0,0,0,282,1,0,283
211429,0,Hanging_Temple,0,0,0,0,241,0,0,241
211491,0,Medamud,0,2,0,0,0,0,2,410
211500,0,Templo_Romano_de_Évora,0,0,1,3,333,4,1,341
211532,0,Great_Temple_of_Abu_Simbel,0,1,2,15,261,3,3,282
211532,1,Great_Temple_of_Abu_Simbel,0,0,0,1,89,0,0,90
211532,3,Great_Temple_of_Abu_Simbel,20,5,9,43,501,11,34,591
211533,0,Little_Temple_of_Abu_Simbel,10,0,2,15,195,2,12,225
211533,1,Little_Temple_of_Abu_Simbel,0,0,0,8,134,0,0,144
211549,0,Capitoline_temple_in_Dougga,0,0,0,9,236,3,0,249
211574,1,Dendera,0,1,0,2,108,0,1,111
211574,3,Dendera,0,0,1,1,126,1,1,129
211574,4,Dendera,3,2,0,2,111,2,5,120
211574,29,Dendera,304,0,0,0,0,4,304,309
211578,11,Luxor_Temple,3,1,0,12,84,1,4,101
211578,12,Luxor_Temple,11,2,0,6,189,7,13,216
211578,14,Luxor_Temple,0,0,0,3,96,1,0,100
211579,1,Edfu_Temple,0,0,0,0,124,1,0,125
211579,2,Edfu_Temple,4,4,0,7,233,10,8,258
211579,3,Edfu_Temple,1,2,0,0,64,5,3,72
211579,5,Edfu_Temple,6,0,0,9,169,6,6,190
211579,8,Edfu_Temple,0,0,0,1,72,1,0,74
211580,0,Mortuary_temple_of_Ramses_III_at_Medinet_Habu,8,0,0,3,246,2,8,262
211580,1,Mortuary_temple_of_Ramses_III_at_Medinet_Habu,0,0,0,0,87,0,0,87
211580,4,Mortuary_temple_of_Ramses_III_at_Medinet_Habu,0,0,0,1,93,1,0,95
211580,6,Mortuary_temple_of_Ramses_III_at_Medinet_Habu,4,0,0,0,126,0,4,131
211588,0,Temple_of_Debod,0,0,0,0,97,0,0,97
211588,1,Temple_of_Debod,0,0,1,0,348,1,1,350
212152,0,Kiyomizu-dera,4,0,4,2,410,4,8,424
212152,1,Kiyomizu-dera,0,0,0,0,54,0,0,54
212159,0,Kinkaku-ji,0,0,1,1,132,1,1,135
212159,1,Kinkaku-ji,0,0,0,6,249,11,0,266
212204,0,Kōtoku-in,7,8,2,7,173,10,17,207
212322,0,Nishi_Hongwanji,0,0,0,0,71,0,0,71
212322,1,Nishi_Hongwanji,0,0,0,0,363,0,0,363
212706,0,Paro_Taktsang,5,0,0,0,318,1,5,324
215494,0,Jasna_Góra,0,1,0,0,74,1,1,76
215494,1,Jasna_Góra,0,6,0,1,390,11,6,408
215870,0,Old_Town_Square_(Prague),5,6,15,18,1169,10,26,1223
215906,0,"Theaterplatz,_Dresden",7,19,12,31,272,6,38,353
215916,0,"Neumarkt,_Dresden",0,1,0,0,493,2,1,496
215923,0,Markt_(Leipzig),0,1,59,27,73,0,60,160
215998,1,Times_Square,0,0,0,0,115,0,0,115
215998,2,Times_Square,0,0,0,1,954,1,0,957
215998,3,Times_Square,0,0,0,0,205,0,0,205
215998,4,Times_Square,0,0,0,0,112,0,0,112
215998,5,Times_Square,0,0,0,0,53,0,0,53
215998,6,Times_Square,0,0,0,0,53,0,0,53
215998,7,Times_Square,0,0,0,0,149,0,0,149
215998,8,Times_Square,0,0,0,0,51,0,0,51
215998,9,Times_Square,0,0,0,0,74,0,0,74
215998,10,Times_Square,0,0,0,0,56,0,0,56
215998,14,Times_Square,0,0,0,0,92,0,0,92
215998,15,Times_Square,0,0,0,0,108,0,0,108
215998,16,Times_Square,0,0,0,0,51,0,0,51
215998,23,Times_Square,0,0,0,0,78,0,0,78
216011,1,Red_Square,0,0,11,14,140,2,11,167
216011,2,Red_Square,0,0,19,50,302,5,19,376
216019,0,Saint_Peter's_Square,21,35,9,13,953,20,65,1051
216019,1,Saint_Peter's_Square,0,0,0,2,180,3,0,185
216022,0,"Union_Square,_Manhattan",0,0,0,0,240,0,0,240
216022,6,"Union_Square,_Manhattan",0,0,0,0,105,0,0,105
216022,8,"Union_Square,_Manhattan",0,0,0,0,132,0,0,136
216027,0,Trafalgar_Square,0,1,0,11,1414,3,1,1431
216031,1,Alexanderplatz_(Berlin-Mitte),0,0,1,1,101,0,1,103
216033,0,Pariser_Platz_(Berlin-Mitte),0,0,0,0,64,0,0,65
216033,1,Pariser_Platz_(Berlin-Mitte),0,2,2,4,204,1,4,215
216042,1,Stary_Rynek_w_Poznaniu,0,0,0,0,190,0,0,191
216043,0,Forum_Romanum,5,7,3,14,602,20,15,651
216053,0,Piazza_San_Marco_(Venice),22,12,10,24,659,13,44,742
216060,0,Marienplatz_(Munich),0,3,3,6,232,0,6,246
216123,0,Place_de_la_Bourse_(Bordeaux),0,0,0,0,190,0,0,190
216318,0,Długi_Targ_Square_in_Gdańsk,0,0,9,1,347,1,9,359
216334,0,"Karlsplatz,_Vienna",0,0,0,3,218,5,0,226
216334,1,"Karlsplatz,_Vienna",0,0,0,4,112,0,0,122
216410,0,Market_Square_in_Bydgoszcz,0,0,0,0,257,1,0,258
216595,0,Town_Square_(Ljubljana),0,9,0,0,177,8,9,194
216618,0,Congress_Square,0,2,0,0,203,1,2,206
216635,0,Edinburgh_Place,0,0,0,0,414,1,0,415
216687,0,Dam_Square,62,25,562,177,87,12,649,926
216687,1,Dam_Square,0,0,0,1,69,0,0,70
216687,4,Dam_Square,0,0,37,45,1,0,37,83
216691,0,Wenceslas_Square,0,0,0,0,94,0,0,94
216691,1,Wenceslas_Square,0,1,33,11,179,1,34,225
216691,2,Wenceslas_Square,0,0,0,3,172,0,0,175
216710,0,"Schwedenplatz,_Vienna",0,0,0,0,217,0,0,217
216710,4,"Schwedenplatz,_Vienna",0,0,0,0,50,0,0,50
216823,0,Republic_Square_of_Yerevan,0,0,0,1,684,5,0,691
216870,0,Liberty_Square_(Taipei),0,0,0,0,214,0,0,214
216881,0,Náměstí_Přemysla_Otakara_II._(České_Budějovice),0,0,1,2,290,3,1,297
216914,0,Patan_Durbar_Square,0,1,0,5,508,0,1,514
216914,1,Patan_Durbar_Square,0,0,0,0,54,0,0,54
217061,0,Křižovnické_náměstí_(Prague),1,0,2,0,253,5,3,261
217156,0,Plaza_de_las_Pasiegas,0,0,0,0,378,1,0,379
217265,0,Praça_do_Comércio,1,7,2,3,903,2,10,918
217265,2,Praça_do_Comércio,0,0,0,0,87,0,0,87
217281,0,Malostranské_náměstí_(Prague),0,0,3,5,182,0,3,190
217281,1,Malostranské_náměstí_(Prague),0,0,2,0,86,0,2,88
217282,0,Náměstí_Republiky_(Plzeň),0,0,0,0,194,0,0,194
217298,0,Piazza_del_Campo_(Siena),1,0,3,9,176,4,4,193
217305,0,Town_Hall_Square_(Tallinn),0,0,1,42,197,1,1,241
217311,0,Castle_square_in_Warsaw,0,3,2,4,293,3,5,306
217311,1,Castle_square_in_Warsaw,0,0,2,1,50,0,2,53
217315,0,Markt_(Brugge),0,0,0,4,220,3,0,227
217326,0,"Plaza_Mayor,_Madrid",0,0,0,6,350,0,0,356
217330,0,Palace_Square,4,3,4,15,649,6,11,683
217358,0,Old_Town_Market_Square_in_Warsaw,0,0,17,6,295,4,17,323
217476,0,King_George_Square,0,0,0,0,388,0,0,389
217495,0,Praça_da_Figueira,0,0,0,0,178,2,0,181
217506,0,Helsinki_Senate_Square,3,8,25,14,170,0,36,220
217512,0,Piazzale_Michelangelo,4,2,2,9,274,3,8,294
217513,0,Plaza_de_la_Constitución_(Mexico_City),0,4,4,3,373,1,8,385
218207,0,Tartini_Square,0,2,2,1,177,1,4,184
218207,1,Tartini_Square,0,0,0,0,72,1,0,73
218357,0,Piazza_De_Ferrari_(Genoa),0,1,1,0,435,2,2,439
218399,0,Praça_do_Império_(Lisbon),0,0,1,0,210,0,1,212
218424,0,Largo_di_Torre_Argentina,0,0,0,0,231,0,0,231
219016,0,Terreiro_da_Sé,0,0,1,5,232,2,1,241
219016,1,Terreiro_da_Sé,0,0,1,0,72,3,1,76
219048,0,Piazzetta_San_Marco_(Venice),5,9,14,15,663,15,28,726
219182,0,Prešeren_Square,0,0,0,0,50,0,0,50
219182,1,Prešeren_Square,0,2,1,0,200,1,3,204
219182,4,Prešeren_Square,1,42,1,0,3,13,44,60
219784,0,"Rynok_Square,_Lviv",0,0,0,0,384,0,0,384
219784,1,"Rynok_Square,_Lviv",2,0,0,0,729,1,2,732
219784,2,"Rynok_Square,_Lviv",0,0,0,0,82,0,0,82
219784,4,"Rynok_Square,_Lviv",0,0,0,0,73,0,0,73
219845,0,Piazza_Santo_Stefano_(Bologna),0,0,0,0,216,1,0,217
219998,0,"Plaza_de_la_Armería,_Madrid",1,0,1,2,203,7,2,214
220172,0,Horní_náměstí_(Olomouc),0,1,1,0,229,0,2,237
220192,0,Masarykovo_náměstí_(Třeboň),0,0,0,1,214,0,0,215
220571,0,"Altmarkt,_Dresden",14,12,4,3,279,3,30,315
221625,0,Western_Wall_Plaza,0,0,1,2,222,0,1,225
222933,0,Náměstí_Zachariáše_z_Hradce,0,0,0,1,511,0,0,516
229247,0,Heidelberg_Castle,18,9,3,8,92,6,30,136
229247,1,Heidelberg_Castle,0,0,1,4,107,0,1,112
229247,3,Heidelberg_Castle,1,4,0,9,191,4,5,209
229247,20,Heidelberg_Castle,0,0,0,2,72,2,0,76
229360,0,Guggenheim_Museum_Bilbao,0,0,0,0,249,1,0,250
229392,0,Edinburgh_Castle,0,0,0,17,976,3,0,996
229392,1,Edinburgh_Castle,0,0,0,6,238,3,0,247
229392,9,Edinburgh_Castle,0,0,0,1,57,0,0,58
229397,0,Frederiksborg_slot,0,2,1,7,370,2,3,382
229467,0,White_Tower_(Thessaloniki),2,0,0,1,260,0,2,263
229599,0,Tower_of_London,0,0,0,6,1150,5,0,1162
229599,1,Tower_of_London,0,0,0,3,89,0,0,92
229599,2,Tower_of_London,0,0,0,2,89,1,0,92
229599,4,Tower_of_London,0,0,0,1,59,0,0,60
229609,0,Galata_Tower,0,0,0,1,280,0,0,281
229609,1,Galata_Tower,0,0,0,0,162,4,0,166
229609,2,Galata_Tower,0,0,0,0,129,1,0,130
229619,1,Nymphenburg_Palace,1,2,3,3,330,1,6,340
229625,0,Wartburg_Castle,0,0,51,20,200,0,51,271
229625,1,Wartburg_Castle,0,0,0,2,149,0,0,152
229630,0,Burg_Eltz,2,0,0,0,242,1,2,245
229633,0,Moritzburg_Castle,1,0,0,10,382,2,1,395
229731,0,Prašná_brána,4,2,2,2,279,2,8,291
229989,0,Festung_Hohensalzburg,0,0,3,10,613,10,3,636
230033,0,Schloss_Schwetzingen,0,0,0,0,176,0,0,176
230101,0,Gravensteen_(Ghent),1,1,0,0,220,2,2,224
230101,1,Gravensteen_(Ghent),0,1,0,0,62,1,1,64
230101,2,Gravensteen_(Ghent),0,0,0,1,60,0,0,61
230464,0,Belfry_of_Ghent,0,0,0,0,206,2,0,208
230663,0,Schloss_Weimar,0,0,3,9,102,1,3,115
231641,0,Secession_Hall_(Austria),1,0,1,2,213,1,2,218
231811,5,Palace_Museum,0,0,0,0,147,0,0,147
231915,0,Nieuwe_Kerk_(Amsterdam),34,14,46,34,97,11,94,236
232008,0,Tower_of_David,7,0,10,3,885,2,17,907
232008,1,Tower_of_David,0,0,0,0,128,0,0,128
232703,0,Matenadaran,0,0,1,0,415,2,1,419
233692,3,Castello_Estense_(Ferrara),0,1,2,1,346,0,3,350
233692,6,Castello_Estense_(Ferrara),0,0,0,0,55,0,0,60
233692,9,Castello_Estense_(Ferrara),2,0,0,0,126,0,2,128
233865,0,Belfry_of_Brugge,2,1,0,0,276,5,3,284
233865,1,Belfry_of_Brugge,0,0,1,4,111,0,1,116
234202,1,Sky100,0,0,0,0,266,0,0,266
236025,0,London_Eye,1,0,0,6,2061,15,1,2084
236025,5,London_Eye,0,0,0,0,57,2,0,59
236437,0,Kohtuotsa_viewing_platform,0,0,0,0,217,3,0,220
236614,0,Castle_(Sirmione),1,1,1,1,233,0,3,237
236614,1,Castle_(Sirmione),0,0,0,0,85,0,0,85
237531,0,Santa_Caterina_delle_Ruote_(Bagno_a_Ripoli),0,0,0,0,52,0,0,222
238964,1,Genoese_fortress_(Sudak),0,0,0,0,860,2,0,862
239020,0,Space_Needle,0,0,0,4,357,2,0,363
239024,0,Tokyo_Skytree,0,0,0,0,221,0,0,221
239024,2,Tokyo_Skytree,0,0,0,0,338,0,0,338
239024,4,Tokyo_Skytree,0,0,0,0,235,0,0,235
239024,5,Tokyo_Skytree,0,0,0,0,89,0,0,89
239894,0,Olympiaturm,0,0,0,1,293,0,0,294
241454,7,Grand_Parc_du_Puy_du_Fou,0,0,0,0,82,63,0,146
241454,14,Grand_Parc_du_Puy_du_Fou,0,0,0,0,24,66,0,90
242843,2,Shin_Leh_Yuan_Art_Space,0,0,0,0,253,0,0,253
243184,0,"Natural_History_Museum,_London",1,0,0,0,269,2,1,272
243184,1,"Natural_History_Museum,_London",0,0,0,3,278,0,0,281
243196,0,Naturhistorisches_Museum_Wien,2,0,1,0,241,2,3,246
243196,1,Naturhistorisches_Museum_Wien,1,0,0,0,73,0,1,85
247288,0,Sant'Apollinare_Nuovo_(Ravenna),1,6,0,0,206,12,7,294
247288,4,Sant'Apollinare_Nuovo_(Ravenna),0,0,0,0,65,0,0,65
247300,0,Santa_Caterina_del_Sasso,0,0,0,0,65,4,0,145
247300,2,Santa_Caterina_del_Sasso,0,0,0,0,90,4,0,96
247403,0,Sacra_di_San_Michele,0,0,0,0,131,0,0,131
247403,1,Sacra_di_San_Michele,0,0,0,0,63,0,0,70
247403,3,Sacra_di_San_Michele,0,0,0,0,74,0,0,74
247403,4,Sacra_di_San_Michele,0,0,0,0,119,0,0,119
247403,5,Sacra_di_San_Michele,0,0,0,0,50,0,0,50
247403,8,Sacra_di_San_Michele,0,0,0,0,83,0,0,84
247403,9,Sacra_di_San_Michele,0,0,0,0,261,1,0,262
247403,10,Sacra_di_San_Michele,0,0,0,0,51,0,0,51
247403,17,Sacra_di_San_Michele,0,0,0,0,59,0,0,59
247403,18,Sacra_di_San_Michele,0,0,0,0,50,0,0,50
247565,0,Vittoriano_(Rome),0,10,2,4,780,6,12,802
247846,0,Piazza_San_Marco_(Venice)_-_Clock_tower,10,1,3,7,202,5,14,228
248061,0,Torre_della_Lanterna_(Genoa),0,0,0,0,206,0,0,206
248064,0,Porta_Soprana_(Genoa),0,2,0,2,322,0,2,326
250248,1,HMS_Belfast_(C35),0,0,0,5,232,0,0,237
250252,0,Cardiff_Castle,2,5,0,0,449,1,7,457
251844,2,Fantasy_of_Flight,0,0,0,0,652,1,0,653
251844,3,Fantasy_of_Flight,0,0,0,0,60,0,0,60
256748,0,Ebrat_Museum,0,0,0,0,201,0,0,202
260338,0,Machu_Picchu,0,0,1,10,1132,8,1,1151
260418,0,Mong_Kok,0,0,0,0,55,0,0,57
260418,18,Mong_Kok,0,0,0,0,53,0,0,53
260418,26,Mong_Kok,0,0,0,0,61,0,0,61
260478,0,"Kronentor_(Zwinger,_Dresden)",1,2,37,69,133,16,40,259
260501,0,Graslei,0,1,0,5,219,1,1,226
260530,0,Building_of_the_General_Staff,7,8,2,10,300,0,17,327
260828,0,Keukenhof,0,0,0,0,453,0,0,453
260897,0,Yellowstone_National_Park,0,3,0,12,297,5,3,318
260897,1,Yellowstone_National_Park,0,0,0,3,78,0,0,81
260897,6,Yellowstone_National_Park,0,0,0,0,62,1,0,63
260899,0,Mount_Vesuvius,0,0,0,2,167,1,0,170
260901,1,Berlin_Hauptbahnhof,0,0,0,0,275,0,0,275
260902,0,Matterhorn,2,1,5,21,537,17,8,583
260907,1,Chichén_Itzá,0,0,1,7,702,18,1,728
260907,2,Chichén_Itzá,4,2,1,3,43,2,7,55
260907,4,Chichén_Itzá,0,0,0,1,101,1,0,103
260907,5,Chichén_Itzá,2,3,0,0,60,2,5,67
260907,15,Chichén_Itzá,0,0,1,3,105,2,1,111
260909,0,Statue_of_Liberty,0,0,1,6,763,5,1,776
260911,0,Grand_Central_Terminal,0,3,0,2,220,0,3,225
260911,3,Grand_Central_Terminal,0,3,2,2,684,0,5,693
261045,0,Mont_Saint-Michel,2,2,4,16,687,16,8,727
261045,1,Mont_Saint-Michel,0,0,0,3,61,1,0,65
261045,3,Mont_Saint-Michel,0,0,1,2,77,0,1,80
261045,4,Mont_Saint-Michel,0,0,0,3,69,1,0,73
261045,14,Mont_Saint-Michel,0,1,0,0,75,1,1,77
261047,0,Brühl's_Terrace,4,5,8,29,300,2,17,350
261048,1,Niagara_Falls,0,0,0,0,191,2,0,193
261058,0,Elizabeth_Tower,1,0,1,8,1109,8,2,1127
261059,0,Ephesus,0,0,0,2,175,6,0,183
261059,1,Ephesus,0,0,0,0,34,0,0,58
261059,2,Ephesus,0,0,2,3,68,1,2,74
261059,3,Ephesus,0,0,1,3,56,0,1,60
261060,0,Terracotta_Army,0,0,0,1,217,6,0,224
261060,2,Terracotta_Army,0,0,0,0,73,0,0,73
261060,8,Terracotta_Army,0,0,0,0,52,0,0,52
261065,0,Checkpoint_Charlie,0,0,6,17,261,1,6,285
261074,0,Grand_Canyon,0,32,0,18,979,8,32,1037
261074,1,Grand_Canyon,0,0,0,6,187,2,0,195
261074,6,Grand_Canyon,0,0,0,0,128,0,0,128
261074,11,Grand_Canyon,0,0,0,0,58,0,0,58
261079,1,Luxor,2,0,0,2,172,1,2,181
261079,3,Luxor,11,2,0,8,173,7,13,202
261079,16,Luxor,3,1,0,6,57,0,4,67
261079,21,Luxor,0,0,0,0,59,0,0,59
261079,23,Luxor,0,0,0,3,88,1,0,92
261080,0,Acropolis_of_Athens,0,0,0,1,296,1,0,298
261080,1,Acropolis_of_Athens,0,0,0,1,98,0,0,99
261080,2,Acropolis_of_Athens,0,0,0,1,91,0,0,92
261081,2,Alcatraz_Island,0,0,0,0,315,2,0,317
261085,0,Reichstag_(building),0,0,1,8,913,6,1,928
261085,1,Reichstag_(building),0,0,0,2,275,0,0,277
261088,0,Rothenburg_ob_der_Tauber,0,0,0,0,92,1,0,93
261088,13,Rothenburg_ob_der_Tauber,0,0,0,0,191,1,0,192
261088,15,Rothenburg_ob_der_Tauber,3,8,10,5,704,4,21,734
261088,16,Rothenburg_ob_der_Tauber,0,0,2,0,73,0,2,75
261088,18,Rothenburg_ob_der_Tauber,0,0,0,0,51,0,0,51
261088,20,Rothenburg_ob_der_Tauber,0,0,0,0,85,0,0,85
261088,24,Rothenburg_ob_der_Tauber,0,0,0,0,85,0,0,85
261088,26,Rothenburg_ob_der_Tauber,0,0,0,0,110,0,0,110
261088,27,Rothenburg_ob_der_Tauber,0,0,0,0,123,0,0,123
261088,31,Rothenburg_ob_der_Tauber,0,0,0,0,106,0,0,106
261088,33,Rothenburg_ob_der_Tauber,0,0,0,0,87,0,0,87
261089,1,Victoria_Harbour,0,0,0,0,80,0,0,80
261089,2,Victoria_Harbour,0,0,0,0,123,1,0,124
261089,3,Victoria_Harbour,0,0,0,0,94,0,0,94
261089,4,Victoria_Harbour,0,0,0,0,81,0,0,81
261089,5,Victoria_Harbour,0,0,0,2,190,6,0,198
261089,6,Victoria_Harbour,0,0,0,0,51,0,0,51
261090,1,Central_Park,0,0,0,0,51,1,0,52
261090,2,Central_Park,0,0,0,4,128,1,0,133
261090,4,Central_Park,0,0,0,0,106,0,0,106
261090,10,Central_Park,0,0,0,0,59,0,0,59
261090,11,Central_Park,0,0,0,0,61,0,0,61
261092,0,Hoover_Dam,0,10,1,16,633,7,11,668
261095,0,Yosemite_National_Park,0,0,0,0,247,0,0,247
261095,1,Yosemite_National_Park,35,28,1,17,801,73,64,955
261095,2,Yosemite_National_Park,0,0,0,0,79,0,0,79
261097,0,Montmartre,0,13,7,14,995,14,20,1043
261097,1,Montmartre,1,0,0,1,442,2,1,446
261097,2,Montmartre,0,0,0,0,111,1,0,117
261097,15,Montmartre,0,0,0,0,81,0,0,81
261099,0,Monument_Valley,0,0,0,4,155,2,0,161
261100,0,Downing_Street,0,0,2,11,173,0,2,187
261100,2,Downing_Street,0,0,0,0,52,0,0,52
261100,3,Downing_Street,0,0,0,5,103,0,0,108
261111,0,Table_Mountain,0,0,0,0,156,0,0,156
261111,1,Table_Mountain,0,0,0,0,113,1,0,114
261111,2,Table_Mountain,0,0,0,0,98,0,0,98
261111,3,Table_Mountain,0,0,0,0,78,0,0,78
261112,0,Torre_de_Belém,1,0,3,9,1535,6,4,1558
261112,6,Torre_de_Belém,0,0,0,0,105,0,0,105
261113,0,Piccadilly_Circus,1,4,5,16,542,1,10,569
261178,0,"Niagara_Falls,_Ontario",0,0,0,0,174,17,0,191
261181,0,Caernarfon_Castle,0,1,8,9,256,9,9,283
261187,2,Canal_Grande_(Venice),2,0,1,3,129,4,3,139
261187,3,Canal_Grande_(Venice),0,0,0,3,323,5,0,331
261187,4,Canal_Grande_(Venice),0,0,0,0,67,0,0,67
261187,5,Canal_Grande_(Venice),0,0,0,1,64,0,0,65
261187,6,Canal_Grande_(Venice),0,0,0,0,67,0,0,67
261187,8,Canal_Grande_(Venice),3,0,1,2,85,2,4,94
261187,10,Canal_Grande_(Venice),0,0,0,0,76,0,0,76
261187,17,Canal_Grande_(Venice),0,1,1,0,60,0,2,62
261188,0,Jardin_du_Luxembourg,7,11,0,2,151,2,18,173
261208,0,Nördlingen,0,0,0,6,398,0,0,404
261221,0,Fountains_Abbey,0,0,0,1,262,0,0,263
263062,0,Whitby_Abbey,9,0,0,4,316,5,9,334
263443,1,Peter_&_Paul_Fortress,0,0,0,0,51,0,0,51
263443,2,Peter_&_Paul_Fortress,0,0,0,1,238,1,0,240
263706,0,Matsumoto_Castle,0,0,0,3,297,9,0,309
263980,0,"Military-historical_Museum_of_Artillery,_Engineer_and_Signal_Corps",0,0,0,1,253,1,0,255
264304,0,Glacier_Point,4,8,1,8,176,2,13,199
264482,0,Egyptian_Museum_(Cairo),0,1,0,1,75,2,1,79
264482,1,Egyptian_Museum_(Cairo),0,1,0,2,174,0,1,177
264784,0,Osaka_Castle_Keep_Tower,0,0,0,1,244,2,0,247
265116,0,Malostranská_mostecká_věž,0,1,3,5,215,2,4,226
265180,0,Staroměstská_mostecká_věž,6,3,3,3,363,1,12,380
265212,0,Giotto's_Bell_Tower,1,2,2,7,453,6,5,472
265411,0,Munttoren,87,58,42,15,68,25,187,296
265514,0,Musamman_Burj_(Agra_Fort),4,2,0,2,343,1,6,354
265514,1,Musamman_Burj_(Agra_Fort),0,8,0,1,48,0,8,57
265590,0,Town_Hall_Tower_in_Kraków,1,0,0,1,289,2,1,293
265786,0,Montelbaanstoren,51,29,8,17,74,18,88,197
265825,0,Söyembikä_Tower,2,0,0,1,187,2,2,192
266524,0,Tour_Saint-Nicolas_(La_Rochelle),0,0,0,5,187,2,0,194
268243,0,Victoria_Tower,0,0,0,2,255,2,0,260
271891,0,"Paris_-_Eiffel_Tower,_Paris_Las_Vegas",2,0,1,0,254,2,3,259
271957,0,Castello_Sforzesco_(Milan)_-_Filarete_Tower,0,1,0,1,261,3,1,271
272242,0,Gangneung_Fire_Station,0,0,0,0,161,0,0,161
272242,1,Gangneung_Fire_Station,0,0,0,0,1129,0,0,1129
272650,0,Leaning_Tower_(Pisa),3,2,3,30,942,8,8,988
272651,0,Ghirlandina_(Modena),0,0,0,1,251,0,0,252
272653,0,Prague_Astronomical_Clock,2,1,3,6,902,4,6,924
272656,0,Giralda,4,2,1,11,365,2,7,387
272656,1,Giralda,0,0,2,5,219,1,2,227
272887,0,Saint_Sophia_Cathedral_in_Kyiv_bell_tower,0,0,0,2,230,1,0,233
273147,0,Torre_dos_Clérigos,0,2,2,4,525,7,4,540
273147,1,Torre_dos_Clérigos,0,0,1,3,149,2,1,156
275801,0,Qutb_Minar,3,0,0,1,2542,17,3,2575
276021,0,Clifford's_Tower,0,0,0,7,242,1,0,250
276301,0,Torre_degli_Asinelli_(Bologna),0,0,1,1,230,1,1,233
276568,0,Sighișoara_clock_tower,0,1,4,3,251,1,5,260
276580,0,Jaffa_Clock_Tower,0,1,0,0,254,0,1,255
277487,0,Nagoya_TV_Tower,0,0,0,0,246,0,0,246
278641,0,"Five-storied_Pagoda,_Toji",0,0,0,1,214,3,0,218
278758,0,Jan_Hus_Memorial_(Old_Town_Square),0,1,2,3,231,5,3,242
278791,0,Michelangelo's_David,3,2,0,3,423,10,5,477
278797,0,Nike_of_Samothrace,0,1,1,6,189,3,2,209
278901,0,Puits_de_Moïse,0,0,0,0,193,1,0,194
279835,0,Monument_à_la_République,4,2,0,0,175,2,6,184
279835,1,Monument_à_la_République,0,0,0,0,56,0,0,56
293542,0,Igreja_Nosso_Senhor_do_Bonfim_(Pirenópolis),0,0,0,0,236,0,0,236
293542,2,Igreja_Nosso_Senhor_do_Bonfim_(Pirenópolis),0,0,0,0,67,0,0,67
293902,0,"Grote_Kerk,_Haarlem",15,10,7,75,135,15,32,258
293902,3,"Grote_Kerk,_Haarlem",1,1,13,41,106,12,15,174
298577,0,"Templo_de_Santo_Domingo,_Cochabamba",12,0,0,0,884,0,12,896
298577,1,"Templo_de_Santo_Domingo,_Cochabamba",0,0,0,0,60,0,0,60
302665,0,Saint_Martin_of_Tours_Parish_Church_of_Bocaue,0,0,0,0,239,0,0,239
303471,0,St._Gayane,0,0,0,0,223,1,0,227
311918,0,Grossmünster,0,0,2,1,416,0,2,419
311918,5,Grossmünster,1,0,0,0,49,1,1,51
314781,0,"Karlskirche,_Vienna",0,3,1,2,330,5,4,341
316801,0,St._Georg_(Ochsenhausen),0,0,0,2,158,2,0,190
317522,0,"Saint_Gregory_Church,_Sisian",0,0,0,0,242,0,0,242
321122,0,Holy_Mother_of_God_in_Noravank_Monastery,0,0,0,7,286,1,0,294
322496,0,"St._Hripsime_church,_Vagharshapat",1,0,0,0,280,1,1,282
322970,0,Karmravor,0,0,0,0,764,9,0,773
330669,0,"Iglesia_y_Convento_de_Santa_Teresa,_Cochabamba",12,0,0,0,258,0,12,270
333490,0,"St._Johann,_Rapperswil",0,0,0,0,238,0,0,238
334673,0,"Saint_James_the_Greater_Church_(Plaridel,_Bulacan)",0,0,0,0,199,0,0,199
334673,1,"Saint_James_the_Greater_Church_(Plaridel,_Bulacan)",0,0,0,0,267,0,0,267
334673,2,"Saint_James_the_Greater_Church_(Plaridel,_Bulacan)",0,0,0,0,64,0,0,64
353312,0,St._George's_Parish_Church_(Piran),0,0,0,0,64,1,0,66
353312,1,St._George's_Parish_Church_(Piran),0,0,1,0,294,2,1,297
356402,0,Odzun_Church,0,0,0,3,546,2,0,551
356402,4,Odzun_Church,0,0,0,0,79,0,0,80
356625,0,Church_of_the_Ascension_of_Christ_(Skopje),0,1,0,0,217,1,1,219
364525,0,Sts._Clement_and_Pantaleon_Church_(Ohrid),0,0,0,0,217,4,0,221
365693,0,Tsiranavor,0,0,0,0,106,1,0,107
365693,1,Tsiranavor,0,0,0,0,331,0,0,331
367166,1,Church_of_Panayia_(The_Virgin)_tou_Arakou,0,0,0,0,4,0,0,208
373910,0,Westerkerk_(Amsterdam),0,6,34,11,62,9,40,125
373910,2,Westerkerk_(Amsterdam),21,19,56,18,184,11,96,309
376893,0,Santa_Maria_della_Consolazione_(Todi),0,0,0,0,404,2,0,406
376893,1,Santa_Maria_della_Consolazione_(Todi),0,0,0,0,55,0,0,55
388183,0,Basílica_del_Voto_Nacional,0,0,0,0,310,0,0,310
388504,0,Geghard,0,0,0,16,1028,2,0,1046
388504,1,Geghard,0,0,0,0,149,0,0,149
388504,2,Geghard,0,0,0,2,253,1,0,256
388504,3,Geghard,0,0,0,0,55,0,0,55
388504,7,Geghard,0,0,0,1,119,0,0,120
391909,0,Church_of_Our_Lady_in_front_of_Týn,6,3,5,7,651,10,14,683
391936,0,Santuário_do_Bom_Jesus_de_Matosinhos,1,0,0,0,230,2,1,234
392080,0,"Saints_Olha_and_Elizabeth_church,_Lviv",4,0,0,0,193,0,4,197
407535,3,Fraumünster,0,1,0,2,203,1,1,207
408077,0,St._John_of_Mastara,0,0,0,0,226,1,0,227
411340,0,Annunciation_Church_(Ljubljana),0,0,2,0,256,2,2,263
417167,0,Saint_Nicholas_of_Tolentino_Temple_and_Convent_of_Actopan,0,0,0,0,240,1,0,241
417167,3,Saint_Nicholas_of_Tolentino_Temple_and_Convent_of_Actopan,0,0,0,1,51,0,0,52
417167,6,Saint_Nicholas_of_Tolentino_Temple_and_Convent_of_Actopan,0,0,0,0,77,0,0,77
418242,0,Sant'Agnese_in_Agone_(Rome),0,0,0,0,76,5,0,81
418242,1,Sant'Agnese_in_Agone_(Rome),2,1,1,4,237,4,4,249
420802,0,"Divine_Shepherdess_Shrine_in_Gapan,_Nueva_Ecija",0,0,0,0,238,0,0,238
422916,0,Église_priorale_Saint-Loup_de_Saint-Loup-de-Naud,0,0,0,0,180,2,0,194
428134,0,Casa_de_Oração_da_Ordem_Terceira_do_Carmo_e_Igreja_da_Ordem_Terceira_do_Carmo_(Cachoeira),0,0,0,0,333,0,0,342
437253,0,San_Lorenzo_(Turin),0,0,0,0,79,62,0,141
437569,0,Ashtarak_Marine_church,0,0,0,0,276,0,0,276
437569,1,Ashtarak_Marine_church,0,0,0,0,76,0,0,76
437579,0,Saint_Holy_Mother_church_of_Yeghvard,0,0,0,0,533,1,0,534
440249,0,"Nuestra_Señora_de_la_Merced_Parish_Church_(Bahay_Pare,_Candaba,_Pampanga)",0,0,0,0,210,0,0,210
440249,1,"Nuestra_Señora_de_la_Merced_Parish_Church_(Bahay_Pare,_Candaba,_Pampanga)",0,0,0,0,172,0,0,172
454969,0,Church_of_Saint_Nicholas_in_Malá_Strana,0,0,0,1,108,1,0,115
454969,1,Church_of_Saint_Nicholas_in_Malá_Strana,3,1,0,3,248,2,4,257
