scene_id,scene,files,photographic,dated,registered,all_pre-1900,photo_pre-1900,posed_pre-1900,all_1900-1944,photo_1900-1944,posed_1900-1944,all_1945-1969,photo_1945-1969,posed_1945-1969,all_1970-1999,photo_1970-1999,posed_1970-1999,all_2000+,photo_2000+,posed_2000+,all_undated,photo_undated,posed_undated,photo_pre-1970,posed_pre-1970,best_model,best_model_pre-1970,best_model_2000+,gate_posed,gate_any
1,Arc_de_Triomf_de_Barcelona,298,298,293,227,2,2,1,4,4,1,0,0,0,3,3,3,284,284,218,5,5,4,6,2,0,2,218,False,False
2,Arc_de_Triomphe_du_Carrousel,676,629,650,466,72,38,16,20,20,2,4,4,2,13,13,7,541,537,430,26,17,8,62,20,0,15,318,True,True
4,Arco_Triunfal_da_Rua_Augusta,717,712,714,600,9,5,2,7,7,5,4,4,0,1,1,1,693,693,592,3,2,0,16,7,0,7,529,False,True
10,Arch_of_Titus_(Rome),434,426,413,318,33,31,17,24,22,8,5,5,4,16,16,12,335,333,268,21,19,8,58,29,0,29,268,True,True
18,Gateway_of_India,849,848,836,661,1,1,1,5,5,0,1,1,0,1,1,1,828,828,655,13,12,4,7,1,0,1,441,False,False
26,"Puerta_de_Alcalá,_Madrid",400,398,388,324,2,2,2,5,3,1,1,1,0,11,11,6,369,369,307,12,12,8,6,3,0,3,307,False,False
34,Monumento_a_la_Revolución_(México),530,530,525,296,0,0,0,5,5,0,1,1,0,1,1,1,518,518,294,5,5,1,6,0,0,0,294,False,False
65,Porta_Makedonija,232,232,229,208,0,0,0,0,0,0,0,0,0,0,0,0,229,229,205,3,3,3,0,0,0,0,205,False,False
208,Arch_of_Constantine_(Rome),856,842,820,625,23,20,3,25,25,8,0,0,0,11,11,5,761,758,590,36,28,18,45,11,0,11,590,True,True
209,Arc_de_Triomphe_de_l'Étoile,2713,2640,2690,1557,141,79,31,174,164,54,23,23,3,65,65,30,2287,2286,1434,23,23,4,266,88,0,88,1112,True,True
210,Brandenburg_Gate,2603,2555,2583,1570,48,30,0,122,117,1,245,242,12,220,218,76,1948,1929,1465,20,19,10,389,13,1,11,407,True,True
213,Arch_of_Septimius_Severus_(Rome),443,441,413,389,14,14,9,9,8,4,0,0,0,6,6,5,384,383,350,30,30,21,22,13,0,13,350,True,True
216,India_Gate,1247,1246,1231,839,1,1,1,2,2,0,5,5,0,3,3,1,1220,1219,823,16,16,14,8,1,0,1,823,False,False
219,Admiralty_Arch,235,235,233,200,0,0,0,8,8,6,0,0,0,4,4,2,221,221,191,2,2,1,8,6,0,6,191,False,False
537,Stari_Most,526,524,520,403,5,5,0,16,15,1,5,5,2,25,25,3,469,468,394,6,6,3,25,3,0,3,394,False,True
1752,Sydney_Harbour_Bridge,1982,1966,1933,503,3,3,0,510,503,53,58,57,14,48,48,15,1314,1306,415,49,49,6,563,67,0,67,415,True,True
1838,Ponte_do_Infante_D._Henrique,529,529,529,421,0,0,0,0,0,0,0,0,0,0,0,0,529,529,421,0,0,0,0,0,0,0,421,False,False
1945,Tower_Bridge,3945,3934,3933,2632,17,15,6,40,34,8,20,20,3,90,90,44,3766,3764,2562,12,11,9,69,17,0,17,2452,True,True
2236,Dom_Luis_I_bridge,4411,4408,4409,3141,9,8,0,23,23,0,2,2,1,8,8,3,4367,4365,3136,2,2,0,33,1,0,1,3136,False,True
2515,Kapellbrücke,543,525,522,352,30,21,1,20,19,1,3,3,2,8,8,5,461,460,342,21,14,1,43,4,0,4,342,False,True
2620,Pont_Alexandre-III,1243,1225,1215,654,12,7,2,85,84,13,8,8,3,13,13,2,1097,1091,626,28,22,8,99,18,0,18,626,True,True
2624,Ponte_Santa_Trinita_(Florence),283,262,265,209,14,5,0,4,4,0,4,4,1,5,5,2,238,236,201,18,8,5,13,1,0,1,201,False,True
2643,Ponte_Sant'Angelo_(Rome),849,841,785,584,27,23,8,7,7,2,11,11,2,15,15,7,725,723,522,64,62,42,41,12,0,12,522,True,True
2645,Krämerbrücke_(Erfurt),520,519,520,287,0,0,0,4,4,0,7,7,3,32,32,15,477,476,269,0,0,0,11,3,0,3,269,False,True
2899,Oberbaumbrücke_(Berlin),482,481,473,262,1,1,0,9,9,0,9,9,0,37,37,0,417,416,258,9,9,3,19,0,0,0,258,False,True
2900,Ponte_25_de_Abril,1892,1890,1880,1205,0,0,0,0,0,0,9,9,1,11,11,1,1860,1860,1198,12,10,5,9,1,1,1,86,False,False
2902,"Liberty_Bridge,_Budapest",640,640,633,250,9,9,0,42,42,21,53,53,3,9,9,0,520,520,225,7,7,1,104,24,1,24,225,True,True
3531,Forth_Bridge,901,889,895,254,201,198,4,21,15,5,10,9,4,25,25,7,638,638,232,6,4,2,222,13,0,13,232,True,True
5113,Ponte_dell'Accademia_(Venice),437,436,430,413,3,3,2,2,2,0,2,2,1,9,9,9,414,414,396,7,6,5,7,3,1,3,396,False,False
6118,Barrage_Vauban,366,365,363,273,3,3,1,0,0,0,0,0,0,0,0,0,360,359,271,3,3,1,3,1,0,1,271,False,False
6119,Ponts_Couverts_(Strasbourg),355,353,355,296,1,0,0,2,2,0,0,0,0,6,6,4,346,345,292,0,0,0,2,0,0,0,292,False,False
6173,Golden_Gate_Bridge,3216,3207,3141,492,0,0,0,40,38,0,28,28,0,170,169,6,2903,2899,479,75,73,7,66,0,16,0,180,False,True
6177,Brooklyn_Bridge,3623,3550,3428,1250,136,85,0,97,83,0,15,15,1,160,159,9,3020,3014,1238,195,194,2,183,1,0,1,998,False,True
6210,Hohenzollernbrücke,875,870,866,232,3,3,0,31,31,1,6,6,1,14,14,4,812,807,225,9,9,1,40,2,2,2,225,False,True
6714,Trepponti_(Comacchio),425,425,422,345,0,0,0,1,1,0,1,1,0,1,1,0,419,419,343,3,3,2,2,0,1,0,202,False,False
7115,Westminster_Bridge,851,842,842,549,15,7,1,19,19,8,4,4,1,10,10,7,794,793,530,9,9,2,30,10,0,10,530,True,True
11088,"Roman_bridge,_Córdoba",424,424,422,309,3,3,0,2,2,0,0,0,0,11,11,3,406,406,305,2,2,1,5,0,0,0,220,False,False
13348,Ponte_di_Rialto,779,774,767,631,3,0,0,0,0,0,4,4,3,20,20,14,740,740,606,12,10,8,4,3,0,3,511,False,False
13353,Pont_du_Gard,547,541,540,339,10,4,0,3,3,2,4,4,3,22,22,6,501,501,326,7,7,2,11,5,1,3,132,False,True
13356,Charles_Bridge,3181,3110,3125,2086,65,48,2,31,11,1,22,19,14,27,27,20,2980,2966,2034,56,39,15,78,17,0,17,2034,True,True
13357,Mehmed_Paša_Sokolović_Bridge_in_Višegrad,599,599,597,479,4,4,0,5,5,0,0,0,0,4,4,1,584,584,477,2,2,1,9,0,0,0,477,False,False
13361,Aqueduct_of_Segovia,936,935,916,569,8,8,3,10,10,4,12,12,1,14,14,7,872,871,541,20,20,13,30,8,0,8,541,False,True
13370,Pont_Neuf,768,668,734,299,121,52,0,28,18,0,1,1,0,13,13,2,571,563,295,34,21,1,71,0,0,0,252,False,True
13392,Augustusbrücke,1023,970,1005,284,127,91,10,116,109,12,30,30,8,59,56,27,673,670,223,18,14,4,230,30,0,30,132,True,True
13407,Dragon_Bridge_(Ljubljana),365,363,363,199,0,0,0,12,12,0,3,3,0,0,0,0,348,346,198,2,2,1,15,0,0,0,198,False,True
13886,London_Millennium_Bridge,1036,1032,1027,692,0,0,0,0,0,0,0,0,0,0,0,0,1027,1025,686,9,7,4,0,0,0,0,592,False,False
14233,Khaju_Bridge,575,575,575,230,4,4,0,5,5,1,2,2,2,10,10,3,554,554,224,0,0,0,11,3,0,3,224,False,True
14239,Stone_Bridge_(Skopje),402,400,389,306,1,1,0,12,10,0,1,1,0,0,0,0,375,375,305,13,13,1,12,0,0,0,305,False,True
15441,"Chain_Bridge,_Budapest",1268,1264,1254,636,11,8,0,99,99,0,112,112,2,33,33,5,999,998,623,14,14,6,219,2,0,2,623,False,True
20637,Bridge_of_Sighs_(Venice),405,399,391,330,18,16,13,11,10,8,0,0,0,11,11,10,351,351,289,14,11,10,26,21,0,21,289,True,True
20817,Marienbrücke_(Neuschwanstein),265,265,261,205,5,5,3,2,2,1,0,0,0,1,1,0,253,253,198,4,4,3,7,4,0,4,198,False,False
24487,Hong_Kong–Zhuhai–Macau_Bridge,1255,1252,1254,498,0,0,0,0,0,0,0,0,0,0,0,0,1254,1252,498,1,0,0,0,0,3,0,468,False,False
24841,Sé_do_Funchal,1597,1575,1589,548,24,10,0,25,25,4,1,1,0,3,3,2,1536,1533,541,8,3,0,36,4,1,4,78,False,True
24884,Ljubljana_Cathedral,729,653,697,430,38,15,0,36,33,0,3,3,0,0,0,0,620,578,394,32,24,6,51,0,0,0,206,False,True
24906,Vilnius_Cathedral,896,863,834,416,44,26,6,161,160,50,1,1,0,3,3,1,625,621,338,62,52,18,187,56,0,51,296,True,True
24908,Duomo_(Lucca),478,465,462,276,6,3,2,3,3,0,2,2,1,3,3,3,448,440,265,16,14,2,8,3,1,3,194,False,False
24914,Cathedral_(Monreale),1037,1012,984,343,19,12,7,17,13,1,5,5,1,16,16,7,927,920,316,53,46,7,30,9,0,9,222,False,True
24915,San_Lorenzo_(Genoa),717,687,701,316,23,21,9,10,9,3,13,13,0,1,1,0,654,631,298,16,12,3,43,12,0,10,228,True,True
24933,Sé_Catedral_de_Évora,857,843,852,451,6,1,0,0,0,0,5,5,3,3,3,2,838,830,445,5,4,0,6,3,0,2,107,False,False
24938,"Cathedral_of_Saint_Paul_(Saint_Paul,_Minnesota)",347,347,347,247,0,0,0,0,0,0,0,0,0,0,0,0,347,347,247,0,0,0,0,0,0,0,182,False,False
24958,St._Paul's_Cathedral_(Münster),941,912,933,181,7,3,0,0,0,0,1,1,0,1,0,0,924,903,178,8,5,3,4,0,0,0,178,False,False
24978,Duomo_(Modena),572,563,570,293,2,1,1,6,3,1,7,7,2,28,27,5,527,523,283,2,2,0,11,4,0,4,208,False,True
24984,Manila_Cathedral,1377,1377,1373,806,5,5,0,3,3,0,2,2,0,0,0,0,1363,1363,805,4,4,1,10,0,1,0,456,False,True
25006,Black_Church,374,371,368,204,1,1,0,7,5,1,1,1,0,1,1,0,358,357,200,6,6,3,7,1,0,1,200,False,False
25007,Wrocław_Cathedral,736,721,715,230,26,20,0,9,9,1,1,1,0,4,4,1,675,668,226,21,19,2,30,1,1,1,226,False,True
25016,Utrecht_Dom_church,1787,1701,1579,262,78,16,0,192,182,3,494,492,18,177,176,8,638,634,210,208,201,22,690,21,0,21,210,True,True
25037,St._Mark's_Basilica_(Venice),2568,2519,2414,1352,92,75,1,61,59,0,30,30,1,76,76,46,2155,2142,1288,154,137,13,164,2,0,1,1077,False,True
25041,Santa_Maria_del_Fiore_(Florence),3715,3360,3619,1983,85,56,23,26,21,10,5,5,5,63,62,31,3440,3160,1703,96,56,23,82,38,1,36,1545,True,True
25053,York_Minster,2664,2642,2634,811,285,277,0,20,17,0,5,5,0,43,42,8,2281,2274,800,30,27,3,299,0,3,0,348,False,True
25060,Freising_Cathedral,548,407,535,186,7,2,0,0,0,0,0,0,0,0,0,0,528,402,131,13,3,0,2,0,0,0,131,False,False
25089,Matthias_Church_(Budapest),963,909,953,510,13,8,2,64,63,11,31,31,20,24,24,7,821,774,455,10,9,6,102,33,0,32,308,True,True
25097,Limburg_Cathedral,594,556,588,281,24,22,0,33,30,0,3,2,0,1,1,0,527,496,277,6,5,2,54,0,0,0,220,False,True
25118,Wawel_Cathedral,909,822,855,495,86,56,0,48,45,5,3,3,1,3,3,2,715,679,481,54,36,6,104,6,0,6,481,False,True
25125,Cathedral_of_Puebla,565,547,562,220,8,4,1,2,2,0,0,0,0,2,2,1,550,536,218,3,3,0,6,1,0,1,218,False,False
25126,Ghazanchetsots_Cathedral,521,517,517,344,0,0,0,5,5,0,0,0,0,4,4,1,508,504,341,4,4,1,5,0,0,0,341,False,False
25134,"Saint_John's_Cathedral,_'s-Hertogenbosch",2074,2057,1915,284,36,30,6,59,59,11,158,158,2,786,785,50,876,874,205,159,151,9,247,19,1,15,164,True,True
25135,The_Saint_Catherine's_Church_(Chernihiv),489,489,489,308,2,2,2,1,1,0,0,0,0,1,1,1,485,485,305,0,0,0,3,2,0,2,305,False,False
25148,Holy_Trinity_Cathedral_(Pskov),453,453,451,191,0,0,0,0,0,0,0,0,0,12,12,0,439,439,189,2,2,2,0,0,1,0,189,False,False
25210,Cathedral_of_Talin,627,627,626,512,0,0,0,0,0,0,0,0,0,0,0,0,626,626,511,1,1,1,0,0,0,0,511,False,False
25223,Vank_Cathedral,919,878,916,574,1,1,0,4,4,2,1,1,0,6,6,4,904,866,541,3,0,0,6,2,1,1,83,False,False
25234,Sé_do_Porto,1058,1055,1042,606,3,3,0,1,1,0,6,6,4,9,9,6,1023,1020,592,16,16,4,10,4,0,1,240,False,True
25247,St_Giles'_Cathedral,816,803,812,428,23,16,2,4,4,1,1,1,0,4,4,4,780,775,419,4,3,1,21,3,0,3,232,False,True
25290,Cathédrale_Notre-Dame_de_Senlis,610,602,585,256,3,1,0,20,19,1,0,0,0,0,0,0,562,559,252,25,23,2,20,1,2,0,204,False,True
25298,Cathedral_(Pisa),1256,1240,1182,786,25,18,8,19,17,5,6,6,3,14,14,11,1118,1112,735,74,73,20,41,16,2,9,399,False,True
25301,"Cathedral_of_Saint_George,_Lviv",498,495,488,267,12,9,0,4,4,1,0,0,0,3,3,0,469,469,262,10,10,4,13,1,0,1,262,False,True
25424,Basilica_of_Our_Lady_of_Aparecida,629,629,627,243,0,0,0,0,0,0,0,0,0,2,2,1,625,625,242,2,2,0,0,0,0,0,170,False,False
25472,Cathedral_of_Yerevan,595,594,593,469,0,0,0,0,0,0,0,0,0,0,0,0,593,592,468,2,2,0,0,0,0,0,416,False,False
25511,Cathédrale_Saint-Jean_de_Lyon,441,420,402,230,18,9,2,34,32,5,1,1,0,2,2,0,347,343,218,39,33,5,42,7,0,7,218,False,True
25512,Cathédrale_Notre-Dame_de_Paris,8870,8402,8587,4739,676,485,63,214,175,31,50,50,16,92,89,34,7555,7487,4571,283,116,21,710,110,0,107,3202,True,True
25514,Cologne_Cathedral,3412,3352,3310,787,221,177,0,86,83,0,36,36,2,46,46,8,2921,2915,770,102,95,6,296,2,10,2,116,False,True
25515,Onze-Lieve-Vrouwekathedraal_(Antwerp),1174,1149,1151,486,21,11,1,11,11,0,2,1,0,48,48,14,1069,1062,463,23,16,7,23,1,0,1,227,False,True
25604,Cathedral_of_Our_Lady_of_La_Almudena,1751,1706,1723,802,7,6,0,19,16,0,1,1,0,7,7,2,1689,1653,771,28,23,17,23,0,1,0,458,False,True
25616,Cathedral_of_Tarragona,877,869,867,193,16,16,0,93,93,0,2,2,2,6,5,1,750,747,188,10,6,2,111,2,0,2,188,False,True
25632,Duomo_(Como),831,807,822,301,4,3,0,4,4,0,1,1,1,0,0,0,813,793,296,9,6,4,8,1,0,1,296,False,False
25635,Cathedral_of_Toledo,1250,1203,1238,441,39,19,1,4,4,1,5,5,0,2,2,1,1188,1164,432,12,9,6,28,2,1,2,196,False,True
25649,Cathedral_(Parma),544,444,527,260,47,29,6,5,2,0,4,4,0,16,16,7,455,389,191,17,4,2,35,6,0,5,129,False,True
25650,Cathedral_of_Palma_de_Mallorca,1019,1001,1011,502,12,1,0,34,34,3,4,4,0,3,3,2,958,951,497,8,8,0,39,3,2,2,299,False,True
25659,Cathédrale_Sainte-Croix_d'Orléans,668,655,659,372,20,11,5,10,8,0,2,2,0,2,2,0,625,624,366,9,8,1,21,5,0,4,237,False,True
25661,Cathedral_of_Ávila,824,796,797,321,8,0,0,1,0,0,0,0,0,2,2,1,786,773,313,27,21,4,0,0,0,0,207,False,False
25665,Cathédrale_de_la_Major_de_Marseille,310,306,303,223,44,41,7,9,9,7,1,1,1,3,3,2,246,246,203,7,6,3,51,15,0,15,203,True,True
25692,Malolos_Cathedral,861,860,861,512,3,2,0,0,0,0,0,0,0,0,0,0,858,858,512,0,0,0,2,0,0,0,358,False,False
25735,"Holy_Trinity_Cathedral,_Chernihiv",379,376,378,255,2,2,1,0,0,0,0,0,0,0,0,0,376,373,254,1,1,0,2,1,0,1,254,False,False
25790,Cathedral_of_St._Peter_(Trier),622,617,613,318,8,6,0,0,0,0,0,0,0,6,6,4,599,598,311,9,7,3,6,0,0,0,228,False,False
25791,Bamberg_Cathedral,873,847,811,232,21,13,0,13,12,0,3,3,0,1,1,0,773,768,221,62,50,11,28,0,1,0,171,False,True
25792,"St._Stephen's_Cathedral,_Vienna",2228,2156,2185,1118,61,34,9,17,11,2,9,9,2,20,20,13,2078,2048,1068,43,34,10,54,13,0,10,677,True,True
25793,St._Vitus_Cathedral,2381,2319,2340,950,38,13,2,21,13,0,2,2,1,9,9,5,2270,2253,936,41,29,6,28,3,0,3,622,False,True
25795,Cathedral_of_Barcelona,1908,1871,1834,686,18,12,1,133,129,4,1,1,0,1,1,1,1681,1666,676,74,62,3,142,5,0,5,266,False,True
25796,Duomo_(Milan),2942,2906,2879,1093,80,67,12,64,62,4,17,17,1,33,33,12,2685,2668,1043,63,59,20,146,17,0,17,745,True,True
25797,Speyer_Cathedral,1098,1065,1072,447,31,17,0,12,12,0,1,0,0,6,6,4,1022,1010,432,26,20,7,29,0,0,0,346,False,True
25799,Mosque-Cathedral_of_Córdoba,3421,3348,3347,1030,33,24,0,7,7,0,2,2,0,23,23,4,3282,3253,1023,74,39,2,33,0,0,0,517,False,True
25806,Cathédrale_Notre-Dame_d'Amiens,2022,1994,1942,498,70,66,9,77,77,10,0,0,0,10,10,0,1785,1771,463,80,70,11,143,19,0,18,334,True,True
25817,Cathedral_of_León,1115,1107,1034,598,9,9,0,7,5,0,0,0,0,21,21,7,997,993,567,81,79,23,14,0,1,0,385,False,True
25819,Cathédrale_Notre-Dame_de_Chartres,3575,3486,3187,850,131,89,9,23,23,2,2,2,0,4,4,1,3027,3001,833,388,367,5,114,11,0,6,263,False,True
25826,Cathedral_of_Seville,2802,2626,2749,780,94,30,4,14,13,5,2,2,1,8,8,4,2631,2558,740,53,15,2,45,10,3,4,221,False,True
25828,Salzburger_Dom,1225,1193,1223,698,10,6,0,16,16,2,4,4,0,15,15,6,1178,1151,679,2,1,1,26,2,1,2,113,False,True
25832,Cathedral_(Siena),2143,1616,2068,849,293,39,1,11,7,1,2,2,1,17,16,4,1745,1500,633,75,52,8,48,3,2,1,337,False,True
25839,Sé_de_Lisboa,1420,1396,1413,700,12,2,0,31,30,2,2,2,0,3,3,1,1365,1354,695,7,5,1,34,2,0,2,365,False,True
25840,Cathédrale_Notre-Dame_de_Rouen,1089,1071,1012,190,42,38,0,176,173,0,0,0,0,0,0,0,794,791,190,77,69,0,211,0,0,0,190,False,True
25855,Cathédrale_Notre-Dame_de_Laon,650,646,611,243,22,21,1,26,26,5,0,0,0,5,5,0,558,558,236,39,36,1,47,6,0,6,236,False,True
25861,Metropolitan_Cathedral_of_Mexico_City,880,851,864,421,56,35,6,20,19,8,7,7,5,9,9,4,772,766,391,16,15,7,61,19,0,19,391,True,True
25864,St._Patrick's_Cathedral_(Manhattan),582,570,558,245,26,23,1,27,25,0,2,0,0,12,10,2,491,489,236,24,23,6,48,1,0,1,236,False,True
25871,Mainz_Cathedral,527,514,512,122,52,45,2,16,14,0,2,2,0,8,8,1,434,432,118,15,13,1,61,2,0,2,118,False,True
25872,Cathédrale_Saint-Étienne_de_Metz,1015,980,1000,423,14,6,0,12,11,1,0,0,0,1,1,0,973,951,418,15,11,4,17,1,2,1,107,False,True
25879,Cathedral_of_Burgos,1711,1636,1547,416,75,49,8,20,17,1,0,0,0,12,12,1,1440,1411,375,164,147,29,66,9,1,9,328,False,True
25880,Cathédrale_Notre-Dame_de_Strasbourg,4402,4317,4346,2381,122,86,15,29,28,0,5,4,1,30,30,16,4160,4127,2329,56,42,11,118,16,0,16,1712,True,True
25894,Cathédrale_Saint-Gervais-et-Saint-Protais_de_Soissons,676,673,610,284,5,5,0,90,88,2,0,0,0,0,0,0,515,515,281,66,65,1,93,2,0,2,281,False,True
25909,La_Seo_of_Zaragoza,455,450,440,288,4,1,0,1,1,0,0,0,0,1,1,1,434,434,279,15,13,8,2,0,0,0,279,False,False
25927,Catedral_Nueva_de_Salamanca,1450,1442,1410,749,9,7,0,0,0,0,1,1,1,1,1,0,1399,1394,735,40,39,13,8,1,0,1,367,False,False
26008,"Catedral_San_Sebastián,_Cochabamba",2948,2948,2948,2384,44,44,43,0,0,0,0,0,0,0,0,0,2904,2904,2341,0,0,0,44,43,0,43,2341,True,True
26073,"Immaculate_Conception_church,_Ternopil",241,241,239,149,0,0,0,8,8,0,0,0,0,0,0,0,231,231,149,2,2,0,8,0,0,0,149,False,False
26520,Cubao_Cathedral,588,588,588,377,0,0,0,0,0,0,0,0,0,0,0,0,588,588,377,0,0,0,0,0,0,0,252,False,False
26523,Cathedral_of_Granada,1048,1041,1040,741,5,4,0,1,1,0,0,0,0,1,1,1,1033,1028,737,8,7,3,5,0,0,0,419,False,False
27217,Tartu_Cathedral,372,371,371,283,1,0,0,4,4,0,0,0,0,21,21,19,345,345,264,1,1,0,4,0,0,0,264,False,False
27319,"Alexander_Nevsky_Cathedral,_Sofia",573,563,568,393,2,1,1,6,5,2,7,7,5,1,1,1,552,546,379,5,3,3,13,8,0,8,379,False,True
27321,Cathedral_of_Christ_the_Saviour,816,790,801,463,66,46,1,29,29,2,0,0,0,2,2,1,704,701,457,15,12,2,75,3,1,3,457,False,True
27325,Temple_of_Saint_Sava,334,320,325,211,0,0,0,2,1,0,0,0,0,6,6,0,317,309,207,9,4,3,1,0,0,0,207,False,False
27328,Kazan_Cathedral,916,896,912,523,24,12,7,18,11,2,0,0,0,6,6,5,864,863,507,4,4,1,23,9,0,9,507,False,True
27331,"Alexander_Nevsky_Cathedral,_Tallinn",356,356,353,237,0,0,0,8,8,2,0,0,0,6,6,1,339,339,233,3,3,1,8,2,0,2,233,False,False
27333,Blahovishchensky_Cathedral_in_Kharkiv,286,286,284,237,1,1,0,3,3,0,1,1,1,1,1,0,278,278,236,2,2,0,5,1,0,1,236,False,False
27338,Saint_Peter_&_Paul_Cathedral,898,893,891,557,10,9,2,4,2,0,1,1,0,9,9,4,867,866,549,7,6,2,12,2,2,2,337,False,True
27339,Assumption_Cathedral_in_Moscow,621,498,604,431,29,18,0,5,5,0,3,3,2,19,17,14,548,444,315,17,11,1,26,2,1,2,162,False,True
27342,Cathedral_of_the_Dormition_of_the_Theotokos_(Vladimir),718,689,709,391,5,2,0,1,1,1,0,0,0,4,4,1,699,675,384,9,7,5,3,1,0,1,384,False,False
27343,Saint_Sophia_Cathedral_in_Kyiv,1213,1107,1179,651,74,17,2,24,14,0,3,3,2,15,14,10,1063,1046,627,34,13,4,34,4,0,2,577,False,True
27357,Svetitskhoveli,767,731,752,346,8,4,1,3,3,1,2,2,2,3,3,1,736,714,327,15,5,3,9,4,0,4,277,False,False
27367,Uspenski_Cathedral,552,550,547,369,34,33,17,26,26,12,23,23,8,20,20,11,444,443,318,5,5,3,82,37,1,36,262,True,True
27487,Zvartnots,604,601,601,277,0,0,0,1,1,0,0,0,0,3,3,0,597,597,277,3,0,0,1,0,0,0,277,False,False
27512,Cathedral_of_St._Michael_and_St._Gudula_(Brussels),913,876,882,502,61,49,16,13,11,5,5,5,1,2,2,1,801,786,469,31,23,7,65,22,0,13,189,True,True
27513,Saint_Stephen's_Basilica_(Budapest),904,878,896,506,2,0,0,23,23,12,15,15,6,2,2,0,854,830,478,8,8,5,38,18,0,17,310,True,True
27524,Catedral-Basílica_de_Nuestra_Señora_del_Pilar_de_Zaragoza,353,349,345,257,3,2,0,6,6,0,0,0,0,0,0,0,336,335,255,8,6,2,8,0,0,0,255,False,False
27618,Kronstadt_Naval_Cathedral,593,593,591,391,1,1,1,9,9,1,1,1,0,1,1,0,579,579,387,2,2,2,11,2,1,1,284,False,True
27621,"Dormition_Cathedral,_Kharkiv",338,338,334,208,5,5,0,6,6,0,0,0,0,0,0,0,323,323,207,4,4,1,11,0,0,0,207,False,True
27749,Westminster_Abbey,2335,2166,2259,622,223,111,9,82,70,5,8,8,0,14,9,3,1932,1923,597,76,45,8,189,14,0,14,504,True,True
27750,Naumburg_Cathedral,1013,991,996,406,7,5,1,11,11,2,150,150,20,1,1,1,827,807,370,17,17,10,166,23,0,18,206,True,True
27751,Canterbury_Cathedral,2105,2063,2038,403,48,37,0,23,16,0,6,6,1,26,26,14,1935,1926,387,67,52,1,59,1,2,1,49,False,True
27754,Berlin_Cathedral,2364,2344,2344,1334,20,17,0,91,84,5,41,41,5,69,69,14,2123,2116,1299,20,17,8,142,10,0,5,863,False,True
27756,St._Paul's_Cathedral,3846,3746,3766,2002,103,55,7,47,43,8,10,10,3,32,32,10,3574,3556,1942,80,50,23,108,18,0,18,1710,True,True
27775,Helsinki_Cathedral,1191,1187,1179,771,31,31,11,54,54,9,75,75,37,67,67,42,952,950,665,12,10,6,160,57,0,55,616,True,True
27785,"Storkyrkan,_Stockholm",1460,1376,975,301,8,4,0,333,327,5,185,144,14,28,28,3,421,419,262,485,454,12,475,19,0,19,175,True,True
27919,Gloucester_Cathedral,1369,1354,1318,269,23,22,2,22,20,0,1,1,0,6,6,1,1266,1258,262,51,47,3,43,2,0,2,186,False,True
27922,Salisbury_Cathedral,1901,1872,1849,640,22,19,3,16,14,1,5,5,1,43,42,14,1763,1746,604,52,46,15,38,5,0,5,378,False,True
27923,Lincoln_Cathedral,2026,1987,1976,413,64,54,2,25,23,2,3,3,2,13,12,7,1871,1858,395,50,37,4,80,6,1,4,181,False,True
27925,Winchester_Cathedral,1367,1350,1356,322,24,21,4,22,19,2,1,1,0,9,7,6,1300,1291,309,11,11,1,41,6,0,4,191,False,True
27927,Wells_Cathedral,1291,1284,1217,423,17,15,2,9,9,1,3,3,2,25,25,18,1163,1160,380,74,72,20,27,5,0,4,202,False,True
27935,Durham_Cathedral,560,541,523,244,9,6,0,16,13,2,2,2,0,22,22,12,474,470,230,37,28,0,21,2,1,2,203,False,True
27957,St_David's_Cathedral,479,466,474,196,11,6,0,3,3,0,2,2,2,13,13,8,445,438,184,5,4,1,11,2,0,2,184,False,True
28015,Basilique_Notre-Dame_de_Fourvière,867,860,855,407,3,2,0,25,25,10,2,2,0,1,1,0,824,820,394,12,10,2,29,10,0,8,275,False,True
28020,Basilique_du_Sacré-Cœur_de_Montmartre,1925,1915,1899,1345,12,11,1,35,34,11,11,11,6,17,17,14,1824,1819,1292,26,23,15,56,18,0,17,797,True,True
28023,Sagrada_Família,5363,5315,5324,2972,14,13,0,50,49,0,11,11,2,36,36,12,5213,5170,2917,39,36,20,73,2,0,2,2058,False,True
28024,Santa_Maria_Novella,2150,1739,2092,424,24,12,4,8,5,1,3,3,2,24,22,9,2033,1664,354,58,33,6,20,7,0,6,211,False,True
28025,Santa_Croce_(Florence),1976,1655,1855,498,24,6,1,16,13,4,1,1,1,11,11,4,1803,1533,355,121,91,14,20,6,0,5,197,False,True
28026,Santa_Maria_della_Salute_(Venice),935,911,904,642,36,24,8,4,4,1,9,9,5,32,32,23,823,822,593,31,20,9,37,14,0,14,513,True,True
28027,Pantheon_(Rome),1598,1519,1557,1228,92,30,14,16,15,4,2,2,0,25,25,13,1422,1415,1176,41,32,19,47,18,0,18,1176,True,True
28028,Church_of_the_Annunciation,1017,979,1012,400,21,9,0,10,7,0,15,15,0,0,0,0,966,945,397,5,3,0,31,0,5,0,216,False,True
28034,Basilique_Sainte-Marie-Madeleine_de_Vézelay,1121,1100,1094,333,11,10,0,0,0,0,1,1,0,9,9,5,1073,1071,323,27,9,5,11,0,0,0,208,False,True
28066,Basilica_of_Bom_Jesus_(Goa),815,811,812,414,3,2,0,0,0,0,0,0,0,1,1,1,808,805,409,3,3,2,2,0,0,0,271,False,False
28076,San_Pietro_in_Vincoli_(Rome),459,427,451,237,3,2,0,2,2,0,0,0,0,1,1,0,445,418,222,8,4,2,4,0,0,0,222,False,False
28081,Notre-Dame_de_Montréal_Basilica,560,557,554,371,10,8,0,5,5,2,4,4,0,4,4,3,531,530,363,6,6,3,17,2,2,2,152,False,True
28086,Santa_Maria_del_Mar,784,777,779,410,8,6,3,43,43,0,0,0,0,0,0,0,728,726,405,5,2,2,49,3,2,2,131,False,True
28097,Basilique_Notre-Dame_de_la_Garde,569,565,559,338,9,9,4,8,8,1,0,0,0,2,2,1,540,536,330,10,10,2,17,5,1,5,184,False,True
28121,Santa_Maria_in_Trastevere_(Rome),595,553,575,273,23,9,3,0,0,0,0,0,0,0,0,0,552,527,251,20,17,10,9,3,0,3,181,False,False
28122,Saint_Mary_Basilica_in_Kraków,1194,1174,1181,782,6,3,0,35,21,1,2,2,1,3,3,3,1135,1135,772,13,10,5,26,2,0,2,658,False,True
28144,Church_of_All_Nations_(Jerusalem),634,626,634,395,1,1,0,56,54,19,28,28,6,3,3,3,546,540,364,0,0,0,83,25,0,14,180,True,True
28147,Sint-Nicolaaskerk_(Amsterdam),621,616,603,195,54,52,29,108,107,30,49,49,17,24,24,16,368,367,98,18,17,5,208,76,0,76,98,True,True
28225,Basilica_di_San_Giorgio_Maggiore_(Venice),1096,1065,1070,674,9,2,0,5,2,2,14,14,4,22,22,15,1020,1017,646,26,8,6,18,6,2,5,516,False,True
28229,San_Vitale_(Ravenna),962,878,922,595,9,8,7,48,35,16,1,1,0,4,4,4,860,799,500,40,31,10,44,23,0,23,500,True,True
28232,Baptistry_(Florence),823,772,690,264,20,11,6,10,9,4,1,1,0,10,10,2,649,623,232,133,118,16,21,10,0,8,190,False,True
28238,Sant'Apollinare_in_Classe_(Ravenna),700,686,680,286,14,10,1,16,12,3,0,0,0,11,11,4,639,634,272,20,19,6,22,4,2,4,204,False,True
28258,San_Petronio_(Bologna),852,838,834,410,11,5,1,10,6,3,9,9,2,44,44,3,760,759,395,18,15,3,20,6,0,5,256,False,True
28265,Sant'Antonio_(Padua),649,624,636,263,26,16,0,6,6,1,3,3,0,0,0,0,601,589,258,13,10,1,25,1,0,1,218,False,True
28268,Santa_Maria_sopra_Minerva_(Rome),447,396,442,201,46,11,5,1,0,0,0,0,0,0,0,0,395,381,175,5,4,1,11,5,0,5,175,False,True
28314,Yererouk_Basilica,404,401,403,288,0,0,0,0,0,0,0,0,0,0,0,0,403,401,288,1,0,0,0,0,0,0,288,False,False
28328,Santuário_do_Bom_Jesus_do_Monte,635,621,618,321,1,1,1,8,8,1,1,1,0,3,3,1,605,591,312,17,17,1,10,2,0,2,210,False,True
28469,Sant'Andrea_(Vercelli),491,486,489,215,4,0,0,0,0,0,0,0,0,0,0,0,485,485,215,2,1,0,0,0,0,0,215,False,False
28600,Barasoain_Church,1226,1222,1226,591,4,4,0,1,1,0,0,0,0,1,1,0,1220,1216,591,0,0,0,5,0,0,0,455,False,False
29043,"Santo_Niño_Church_in_Bustos,_Bulacan",1202,1202,1202,966,0,0,0,0,0,0,0,0,0,0,0,0,1202,1202,966,0,0,0,0,0,1,0,460,False,False
29312,Nagcarlan_Church,513,510,513,279,0,0,0,0,0,0,0,0,0,0,0,0,513,510,279,0,0,0,0,0,0,0,204,False,False
29348,"National_Shrine_of_St._Anne_(Hagonoy,_Bulacan)",465,464,465,334,0,0,0,0,0,0,0,0,0,0,0,0,465,464,333,0,0,0,0,0,0,0,235,False,False
29350,"Saint_Augustine_Parish_Church_in_Lubao,_Pampanga",355,355,355,257,0,0,0,0,0,0,0,0,0,0,0,0,355,355,257,0,0,0,0,0,0,0,257,False,False
29353,"San_Nicholas_De_Tolentino_Parish_Church_(Macabebe,_Pampanga)",556,556,555,283,0,0,0,0,0,0,0,0,0,0,0,0,555,555,283,1,1,0,0,0,0,0,283,False,False
30205,Dormition_Church,735,728,732,357,3,3,3,12,12,3,16,16,2,5,5,0,696,689,348,3,3,1,31,8,0,6,278,False,True
30382,"Our_Lady_of_the_Assumption_Parish_Church_in_Bulacan,_Bulacan",525,525,525,334,0,0,0,0,0,0,0,0,0,0,0,0,525,525,334,0,0,0,0,0,1,0,221,False,False
30618,Manaoag_Church,389,385,389,198,0,0,0,0,0,0,0,0,0,0,0,0,389,385,198,0,0,0,0,0,0,0,198,False,False
30905,Saint_Peter's_Basilica,3918,3796,3816,2586,127,74,13,77,69,14,31,31,11,57,55,18,3524,3486,2491,102,81,33,174,38,1,25,1089,True,True
31049,"Saint_John_of_God_Church_(San_Rafael,_Bulacan)",826,826,826,433,0,0,0,0,0,0,0,0,0,0,0,0,826,826,433,0,0,0,0,0,0,0,232,False,False
31708,"Templo_del_Hospicio,_Cochabamba",457,457,457,379,15,15,9,0,0,0,0,0,0,0,0,0,442,442,370,0,0,0,15,9,0,9,296,False,True
31710,"Templo_de_San_Francisco,_Cochabamba",426,426,426,349,8,8,0,0,0,0,0,0,0,0,0,0,418,418,349,0,0,0,8,0,0,0,349,False,False
31864,Dauis_Church,300,300,296,215,0,0,0,0,0,0,0,0,0,0,0,0,296,296,215,4,4,0,0,0,0,0,215,False,False
33242,"Saint-Martin,_Colmar",293,289,293,144,0,0,0,1,1,0,0,0,0,0,0,0,292,288,144,0,0,0,1,0,0,0,83,False,False
33398,Sint-Gerlachuskerk_(Houthem),817,268,783,356,0,0,0,5,4,0,28,20,3,475,142,58,275,90,14,34,12,1,24,3,1,3,14,False,True
34533,Sistine_Chapel,908,423,795,414,548,119,24,9,8,4,10,7,0,2,2,1,226,209,168,113,78,37,134,28,0,28,168,True,True
35061,Saints_Peter_and_Paul_church_in_Kraków,383,382,380,197,0,0,0,0,0,0,1,1,0,0,0,0,379,378,194,3,3,2,1,0,0,0,194,False,False
35068,"Jesuit_Church,_Vienna",355,337,350,251,4,1,0,3,1,0,0,0,0,0,0,0,343,331,235,5,4,3,2,0,0,0,177,False,False
35072,Igreja_de_São_Roque_(Lisbon),448,436,445,287,5,2,1,0,0,0,42,42,18,0,0,0,398,390,265,3,2,1,44,19,0,16,239,True,True
35131,"Iglesia_de_la_Compañía_de_Jesús,_Cochabamba",343,343,343,291,8,8,1,0,0,0,0,0,0,0,0,0,335,335,290,0,0,0,8,1,0,1,290,False,False
35260,Sainte-Chapelle_(Paris),1293,1231,1191,738,82,51,22,7,6,1,6,6,0,6,6,5,1090,1080,694,102,82,15,63,23,6,18,52,True,True
36143,Trinity_Chapel_in_Lublin,323,108,315,225,49,7,0,1,1,0,0,0,0,0,0,0,265,95,56,8,5,0,8,0,0,0,56,False,False
36869,Capela_dos_Ossos,378,378,375,290,0,0,0,0,0,0,0,0,0,0,0,0,375,375,287,3,3,3,0,0,0,0,287,False,False
37324,Capela_do_Senhor_da_Pedra,257,256,256,202,0,0,0,1,0,0,0,0,0,0,0,0,255,255,201,1,1,1,0,0,0,0,201,False,False
58386,Baptistry_of_Neon,375,370,366,249,2,1,1,14,14,3,2,2,2,1,1,1,347,345,234,9,7,6,17,6,0,6,234,False,True
58389,Baptistry_(Pisa),751,747,739,503,21,21,5,9,9,3,3,3,1,9,9,8,697,694,475,12,11,8,33,9,0,7,312,False,True
62920,Palatine_chapel_(Palermo),499,463,486,296,35,13,0,21,19,1,0,0,0,4,4,1,426,418,279,13,9,5,32,1,1,1,279,False,True
64069,Bellagio_Hotel_&_Casino,870,858,865,342,8,7,3,0,0,0,0,0,0,6,6,1,851,840,335,5,5,3,7,3,1,3,335,False,False
64084,Paris_Las_Vegas,465,448,445,312,2,2,2,0,0,0,2,2,2,6,6,0,435,435,299,20,3,3,4,4,0,4,299,False,False
64311,Municipal_House_(Prague),608,595,602,263,1,1,1,10,10,0,4,4,2,4,4,2,583,571,253,6,5,3,15,3,0,3,194,False,True
65123,Tesco,1712,1705,1703,312,0,0,0,0,0,0,1,1,0,3,3,0,1699,1695,312,9,6,0,1,0,3,0,204,False,False
65192,Rough_Trade_East,2188,2188,2188,527,0,0,0,0,0,0,0,0,0,0,0,0,2188,2188,527,0,0,0,0,0,1,0,527,False,False
65642,Livraria_Lello,415,413,411,269,0,0,0,4,4,0,0,0,0,0,0,0,407,405,266,4,4,2,4,0,1,0,195,False,False
66028,Château_Frontenac,763,758,760,442,8,8,0,48,46,2,1,1,0,2,0,0,701,700,439,3,3,1,55,2,0,2,439,False,True
67636,Old_Town_Market_Square_in_Kraków,1087,1080,1081,307,17,13,0,12,11,0,9,9,0,5,5,0,1038,1036,307,6,6,0,33,0,0,0,248,False,True
67656,Rynek_Kościuszki_in_Białystok,838,838,837,309,0,0,0,12,12,0,0,0,0,0,0,0,825,825,309,1,1,0,12,0,0,0,309,False,True
68464,Rockefeller_Center,2740,2713,2719,645,1,1,0,195,193,0,84,84,0,62,62,4,2377,2364,638,21,9,1,278,0,0,0,346,False,True
74371,Galleria_Vittorio_Emanuele_II_(Milan),1171,1159,1158,933,15,13,3,8,8,2,2,2,0,12,12,8,1121,1112,901,13,12,10,23,5,0,5,901,False,True
74842,Balmoral_Hotel,302,301,299,243,0,0,0,1,1,1,1,1,0,0,0,0,297,296,239,3,3,3,2,1,0,1,239,False,False
75892,Mercat_de_la_Llibertat,262,262,262,196,0,0,0,0,0,0,0,0,0,0,0,0,262,262,196,0,0,0,0,0,0,0,196,False,False
80133,Sukiennice,818,812,800,465,22,22,4,26,24,2,9,9,3,1,1,0,742,740,448,18,16,8,55,9,0,9,448,False,True
80244,Embers_Avenue,159,159,159,156,0,0,0,0,0,0,0,0,0,0,0,0,159,159,156,0,0,0,0,0,0,0,156,False,False
83849,Grand_Place_(Brussels),466,463,461,327,0,0,0,2,2,0,1,1,1,6,6,1,452,451,323,5,3,2,3,1,0,1,323,False,False
83850,Grote_Markt_(Antwerp),394,387,390,298,11,5,0,8,8,3,2,2,2,3,3,2,366,366,290,4,3,1,15,5,0,5,290,False,True
85200,"Meyer_Werft,_Papenburg",1042,1042,1039,395,1,1,0,0,0,0,0,0,0,1,1,0,1037,1037,394,3,3,1,1,0,1,0,394,False,False
85353,Moulin_Rouge,384,325,362,208,61,21,0,39,29,0,6,6,0,9,9,3,247,243,202,22,17,3,56,0,0,0,202,False,True
87028,TRA_Changhua_Roundhouse,485,485,485,293,0,0,0,0,0,0,0,0,0,0,0,0,485,485,293,0,0,0,0,0,0,0,293,False,False
87356,Stavropoleos_Church,4183,4176,4178,2828,14,10,0,5,5,0,1,1,0,0,0,0,4158,4157,2826,5,3,1,16,0,3,0,1526,False,True
87392,Church_of_the_Intercession_on_the_Nerl,505,504,502,254,1,1,0,1,1,0,1,1,1,17,17,0,482,481,252,3,3,1,3,1,1,1,252,False,False
87404,St._Michael's_Golden-Domed_Monastery_in_Kyiv,573,567,564,351,17,15,2,11,10,0,0,0,0,0,0,0,536,535,348,9,7,0,25,2,0,2,348,False,True
87446,St._Nicholas_Cathedral_(Saint_Petersburg),310,306,309,170,5,1,0,1,1,0,0,0,0,1,1,0,302,302,169,1,1,1,2,0,0,0,169,False,False
87549,Saint_Basil's_Cathedral,1551,1532,1526,985,23,18,1,12,11,0,31,31,14,61,61,44,1399,1387,918,25,24,8,60,15,0,15,918,True,True
87557,"St._Andrew's_Church,_Kyiv",762,758,759,539,12,11,5,11,11,5,1,1,1,7,7,4,728,725,523,3,3,1,23,11,0,11,523,True,True
87566,Church_of_the_Saviour_on_the_Blood,2075,2055,2063,1351,14,11,1,24,21,0,1,1,0,12,12,3,2012,2000,1337,12,10,4,33,1,1,1,393,False,True
87567,Saint_Isaac's_Cathedral,2178,2137,2155,1353,52,27,12,28,21,5,0,0,0,18,18,9,2057,2054,1323,23,17,4,48,17,1,16,663,True,True
89784,Novodevichy_Convent,1236,1218,1219,327,14,10,0,6,3,0,4,4,0,14,14,3,1181,1175,322,17,12,2,17,0,0,0,283,False,True
90788,Sampson_Fountain,515,509,509,328,3,1,0,2,2,0,1,0,0,6,6,4,497,494,320,6,6,4,3,0,0,0,227,False,False
91592,Trevi_fountain,880,877,857,767,12,12,9,6,6,5,9,9,3,12,12,7,818,816,723,23,22,19,27,17,0,17,723,True,True
91615,Fontana_dei_fiumi_(Rome),330,312,326,273,2,0,0,0,0,0,6,6,3,10,10,4,308,292,264,4,4,2,6,3,0,3,264,False,False
91683,Jet_d'eau_de_Genève,705,701,690,184,1,1,0,1,1,0,16,16,0,13,13,1,659,658,175,15,12,8,18,0,0,0,175,False,True
91693,Neptune_Monument_in_Gdańsk,269,269,267,205,3,3,2,4,4,2,2,2,1,2,2,0,256,256,200,2,2,0,9,5,0,5,200,False,False
91716,Fontana_del_Nettuno_(Bologna),446,442,444,330,3,2,1,2,1,0,8,8,3,6,6,4,425,424,321,2,1,0,11,4,0,4,321,False,True
91765,Fontana_pretoria_(Palermo),504,502,499,323,5,5,2,1,1,0,2,2,1,10,10,4,481,480,313,5,4,3,8,3,0,3,313,False,False
92506,Fountain_in_Piazza_De_Ferrari_(Genoa),334,334,333,266,0,0,0,0,0,0,0,0,0,0,0,0,333,333,265,1,1,1,0,0,0,0,265,False,False
95437,Manneken_Pis_(Brussels),311,307,303,206,10,10,7,3,3,2,1,1,0,6,6,3,283,280,188,8,7,4,14,9,0,9,188,False,True
95714,Harmandir_Sahib,1139,1119,1100,717,22,18,1,49,45,5,4,4,0,4,4,1,1021,1019,705,39,29,5,67,6,0,6,705,False,True
95805,Terminal_Tower,1406,1404,1406,954,0,0,0,2,1,0,2,1,0,21,21,5,1381,1381,949,0,0,0,2,0,0,0,530,False,False
95943,Vehicle_Assembly_Building,1167,1164,1159,351,0,0,0,0,0,0,71,70,1,66,66,11,1022,1020,336,8,8,3,70,1,3,1,53,False,True
95981,Buffalo_City_Hall,240,232,223,125,0,0,0,5,5,0,1,1,0,12,11,1,205,205,123,17,10,1,6,0,0,0,123,False,False
96080,Tour_Montparnasse,713,710,705,245,0,0,0,0,0,0,0,0,0,3,3,0,702,701,244,8,6,1,0,0,1,0,244,False,False
96115,Empire_State_Building,3191,3160,3161,1360,0,0,0,38,35,7,60,60,3,107,104,25,2956,2941,1315,30,20,6,95,10,1,10,729,True,True
96119,Burj_Khalifa,549,538,538,283,0,0,0,0,0,0,0,0,0,0,0,0,538,533,281,11,5,2,0,0,0,0,281,False,False
96128,Willis_Tower,1235,1227,1210,307,0,0,0,0,0,0,0,0,0,40,40,5,1170,1165,300,25,22,2,0,0,0,0,300,False,False
96146,Taipei_101,2174,2161,2154,588,0,0,0,0,0,0,0,0,0,0,0,0,2154,2147,587,20,14,1,0,0,0,0,345,False,False
96173,Palace_of_Culture_and_Science,1620,1615,1607,1027,0,0,0,0,0,0,46,46,11,9,9,3,1552,1549,1006,13,11,7,46,11,0,11,1006,True,True
96573,New_York-New_York_Hotel_and_Casino,363,296,292,213,0,0,0,0,0,0,0,0,0,3,3,1,289,289,184,71,4,3,0,0,0,0,184,False,False
96579,Wrigley_Building,516,512,496,286,0,0,0,36,32,10,7,7,3,6,6,3,447,447,261,20,20,9,39,13,0,13,261,True,True
96797,Tribune_Tower,684,684,666,274,0,0,0,38,38,0,5,5,1,7,7,5,616,616,264,18,18,4,43,1,2,1,198,False,True
96825,Barbican_Estate,1809,1807,1806,316,1,1,0,0,0,0,3,3,0,5,5,0,1797,1795,315,3,3,0,4,0,4,0,268,False,False
99112,Marina_Bay_Sands,1019,1018,1016,198,1,1,1,0,0,0,0,0,0,0,0,0,1015,1014,197,3,3,0,1,1,1,1,151,False,False
99217,Skyscraper_on_Kotelnicheskaya_Embankment,369,369,361,247,0,0,0,0,0,0,2,2,1,4,4,4,355,355,239,8,8,3,2,1,0,1,239,False,False
102074,Bara_Imambara,483,475,480,210,16,10,1,1,1,0,0,0,0,0,0,0,463,462,209,3,2,0,11,1,0,1,209,False,True
102146,House_with_Chimeras_(Kyiv),357,355,356,276,0,0,0,7,7,1,0,0,0,0,0,0,349,347,274,1,1,1,7,1,0,1,274,False,False
102301,Chehel_Sotun,608,570,608,314,5,2,0,10,10,0,5,5,1,9,9,2,579,544,300,0,0,0,17,1,2,1,221,False,True
102311,Sydney_Opera_House,1994,1987,1974,501,0,0,0,2,2,0,20,20,1,58,58,7,1894,1888,488,20,19,5,22,1,3,1,297,False,True
102327,Persepolis,3190,3064,3152,693,356,281,1,69,51,3,45,45,1,76,75,11,2606,2589,674,38,23,2,377,5,1,4,253,False,True
102328,Tomb_of_Hafez,672,669,666,341,3,2,1,2,1,0,1,1,0,6,6,2,654,654,338,6,5,0,4,1,0,1,338,False,False
102330,CN_Tower,2252,2238,2217,484,0,0,0,0,0,0,0,0,0,62,62,5,2155,2148,471,35,28,8,0,0,0,0,471,False,False
102343,Tokyo_Tower,1367,1363,1316,479,0,0,0,0,0,0,5,5,0,10,10,0,1301,1298,470,51,50,9,5,0,1,0,239,False,False
102344,Umayyad_Mosque,930,920,916,417,18,13,0,20,20,1,11,11,1,99,97,34,768,767,378,14,12,2,44,2,0,2,194,False,True
102390,Main_building_of_Moscow_State_University,481,478,478,318,4,4,2,0,0,0,37,37,6,26,24,11,411,410,297,3,3,1,41,8,0,8,297,False,True
102395,Spasskaya_Tower,416,411,405,317,18,15,3,15,15,6,19,19,13,10,10,8,343,341,278,11,11,9,49,22,0,22,278,True,True
102397,Ali_Qapu,1094,1087,1091,707,2,2,0,6,6,0,5,5,0,13,13,4,1065,1058,697,3,3,0,13,0,4,0,298,False,True
102656,Schweriner_Schloss,1259,1226,1244,477,22,15,2,6,5,0,13,13,0,20,20,2,1183,1165,471,15,8,1,33,2,0,2,167,False,True
102666,Shah_Mosque_(Isfahan),1521,1514,1514,1122,7,1,0,4,4,1,13,13,8,27,27,22,1463,1463,1089,7,6,2,18,9,0,9,991,False,True
102670,Kolomenskoe,1621,1597,1589,182,12,6,0,5,4,0,10,10,0,6,6,0,1556,1550,179,32,21,3,20,0,0,0,179,False,True
102677,Batu_Caves,793,783,776,277,0,0,0,1,1,0,0,0,0,21,21,10,754,744,264,17,17,3,1,0,0,0,184,False,False
102997,Rostov_Kremlin,1214,1159,1212,490,2,2,0,21,15,0,6,6,2,43,42,7,1140,1093,480,2,1,1,23,2,0,2,360,False,True
103124,VDNKh_(All-Russian_Exhibition_Center),3968,3952,3956,450,0,0,0,30,28,0,45,43,6,48,47,3,3833,3823,440,12,11,1,71,6,1,4,382,False,True
103125,Sheikh_Lotfollah_Mosque,1154,1152,1151,911,2,1,0,0,0,0,3,3,2,6,6,6,1140,1140,903,3,2,0,4,2,1,1,438,False,False
103134,Ivan_the_Great_Bell_Tower,336,326,331,207,21,16,3,7,6,1,6,6,2,8,8,4,289,287,196,5,3,1,28,6,0,6,196,False,True
103153,Azadi_Tower,974,968,970,502,0,0,0,0,0,0,1,0,0,11,11,4,958,957,498,4,0,0,0,0,0,0,498,False,False
103154,Moscow_State_Historical_Museum,586,567,581,314,9,4,2,2,2,0,13,13,4,10,10,4,547,534,303,5,4,1,19,6,0,6,303,False,True
103198,Swallow's_Nest_(Crimea),351,350,344,285,1,1,0,6,5,0,2,2,0,2,2,0,333,333,283,7,7,2,8,0,0,0,283,False,False
103612,Jameh_Mosque_of_Yazd,812,812,804,430,0,0,0,0,0,0,0,0,0,9,9,6,795,795,419,8,8,5,0,0,0,0,251,False,False
103647,Imam_Reza_Shrine,1552,1545,1542,182,25,22,0,21,20,0,13,13,0,46,46,0,1437,1436,182,10,8,0,55,0,2,0,182,False,True
110777,Völkerschlachtdenkmal,615,614,609,195,1,1,0,30,30,12,64,64,17,22,22,7,492,492,157,6,5,2,95,29,0,29,157,True,True
110925,Frauenkirche_(Dresden),2537,2474,2488,1491,94,66,0,85,75,0,35,35,1,65,63,0,2209,2195,1471,49,40,8,176,1,7,1,96,False,True
110934,Kunstakademie_(Dresden),588,578,580,332,11,7,2,14,14,2,11,11,1,32,29,16,512,510,310,8,7,1,32,5,0,5,310,False,True
112476,Monastery_of_San_Lorenzo_de_El_Escorial,1238,1158,1173,542,78,48,3,14,14,3,2,2,1,20,18,4,1059,1034,522,65,42,9,64,7,2,4,82,False,True
112591,Library_of_Birmingham,1989,1988,1989,453,0,0,0,0,0,0,0,0,0,0,0,0,1989,1988,453,0,0,0,0,0,2,0,230,False,False
113197,Taj_Mahal,7461,7437,7379,5362,95,83,25,53,52,6,21,21,15,23,23,14,7187,7180,5257,82,78,41,156,46,0,43,4616,True,True
113208,Panthéon_de_Paris,1842,1714,1782,668,109,55,20,35,30,7,4,4,2,7,6,2,1627,1574,621,60,45,9,89,29,0,29,399,True,True
113221,Tomb_of_Safdarjung,695,693,688,537,4,3,2,1,1,1,0,0,0,0,0,0,683,682,529,7,7,4,4,3,0,3,529,False,False
113222,Akbar's_Tomb,1272,1205,1267,768,11,11,0,7,7,1,1,1,0,0,0,0,1248,1182,724,5,4,0,19,1,8,1,60,False,True
113223,Castel_Sant'Angelo_(Rome),1650,1567,1581,873,60,42,2,21,19,3,19,19,3,12,12,6,1469,1425,834,69,50,24,80,8,0,8,630,False,True
113238,Bibi_Ka_Maqbara,550,548,549,285,8,7,4,0,0,0,0,0,0,1,1,1,540,539,279,1,1,1,7,4,0,4,279,False,False
113347,Tower_of_the_Winds,288,270,270,190,12,5,0,2,2,0,1,1,1,1,1,1,254,254,186,18,7,2,8,1,0,1,186,False,False
113418,Itmad-Ud-Daulah's_Tomb,1134,1101,1124,780,29,24,7,13,13,8,2,2,2,5,5,2,1075,1049,747,10,8,5,39,17,1,17,619,True,True
113540,Ferdowsi_Mausoleum,526,526,523,255,0,0,0,1,1,0,0,0,0,4,4,2,518,518,253,3,3,0,1,0,0,0,253,False,False
113677,Alcázar_of_Seville,2170,2101,2154,611,54,23,2,37,9,1,4,4,0,7,7,4,2052,2042,597,16,16,6,36,3,0,3,223,False,True
114255,Imamzadeh_Hilal_ibn_Ali,195,195,195,49,0,0,0,0,0,0,0,0,0,0,0,0,195,195,49,0,0,0,0,0,,0,0,False,False
115699,Washington_Monument,3637,3540,3540,262,66,46,0,152,151,0,46,46,0,252,209,0,3024,3017,257,97,71,5,243,0,2,0,257,False,True
115723,Luxor_Obelisk,465,449,457,285,18,12,4,5,4,1,1,1,0,7,7,3,426,419,267,8,6,4,17,5,0,5,267,False,True
117184,Lapa_do_Santo_archaeological_site,904,858,898,207,1,1,0,0,0,0,0,0,0,0,0,0,897,851,207,6,6,0,1,0,0,0,207,False,False
117438,Berlin_Victory_Column,862,853,814,375,20,16,2,48,45,9,21,21,3,9,8,1,716,715,345,48,48,15,82,14,0,14,248,True,True
117441,Trajan's_Column,1008,977,972,334,94,82,5,66,61,1,2,2,0,6,5,4,804,796,314,36,31,9,145,6,0,6,314,False,True
117537,Iron_pillar,451,448,448,330,6,6,4,6,5,2,0,0,0,2,2,0,434,432,323,3,3,1,11,6,1,6,323,False,True
117543,Nelson's_Column,548,543,541,308,16,13,4,14,13,0,2,2,0,13,13,3,496,496,299,7,6,2,28,4,1,4,299,False,True
117544,Column_of_Alexander_I,510,492,497,371,32,23,4,10,8,2,3,3,3,10,9,6,442,441,354,13,8,1,34,9,0,9,354,False,True
117556,Monument_a_Colom_(Barcelona),394,392,389,215,9,9,2,6,4,0,0,0,0,3,3,2,371,371,208,5,5,3,13,2,0,2,208,False,True
117785,Castillo_de_San_Marcos_National_Monument,765,728,682,195,52,33,0,17,17,0,8,8,0,30,20,1,575,569,192,83,81,0,58,0,0,0,192,False,True
118239,Nesher_Cenotaph,506,505,496,299,0,0,0,0,0,0,7,7,1,0,0,0,489,488,297,10,10,1,7,1,0,1,241,False,False
120079,"Qutb_Minar_and_its_monuments,_Delhi",1456,1452,1452,619,4,4,0,0,0,0,0,0,0,1,1,0,1447,1443,619,4,4,0,4,0,0,0,551,False,False
121402,Tomb_of_the_Unknown_Soldier_(Arlington_National_Cemetery),2619,2614,2613,611,0,0,0,191,190,88,20,19,0,24,22,1,2378,2377,521,6,6,0,209,88,4,85,255,True,True
123420,Mausoleum_of_Galla_Placidia_(Ravenna),502,480,487,393,1,0,0,34,20,7,0,0,0,2,2,1,450,447,370,15,11,9,20,7,0,7,306,False,True
123437,Tomb_of_Pari_Bibi,554,554,554,451,2,2,0,1,1,0,3,3,0,0,0,0,548,548,451,0,0,0,6,0,0,0,451,False,False
124127,Dôme_des_Invalides,945,923,924,614,42,37,18,13,8,3,1,1,1,2,2,2,866,858,580,21,17,8,46,22,0,20,431,True,True
126567,Mount_Rushmore,705,701,682,448,1,1,1,10,10,2,6,5,5,27,27,10,638,636,415,23,22,14,16,8,0,8,415,False,True
126767,Stonehenge,1359,1352,1333,709,34,30,0,10,10,0,11,11,1,64,64,29,1214,1212,668,26,25,11,51,1,0,1,668,False,True
126800,Casa_Milà,1370,1365,1354,568,0,0,0,21,21,2,0,0,0,12,12,5,1321,1316,552,16,16,9,21,2,0,2,342,False,True
126805,Parc_Güell,2487,2485,2445,889,0,0,0,53,51,3,0,0,0,11,11,3,2381,2381,867,42,42,16,51,3,0,3,780,False,True
126912,"Victoria_Memorial,_London",548,548,545,282,0,0,0,13,13,2,1,1,0,9,9,6,522,522,273,3,3,1,14,2,0,2,273,False,True
126917,Palacio_de_la_Aljafería_(Zaragoza),688,678,684,268,9,6,0,0,0,0,0,0,0,7,7,4,668,664,264,4,1,0,6,0,2,0,173,False,False
127027,Kamakura_Daibutsu,286,286,272,206,12,12,7,12,12,8,4,4,2,9,9,8,235,235,171,14,14,10,28,17,0,17,171,True,True
127049,Casa_Batlló,1445,1321,1432,733,0,0,0,9,8,2,0,0,0,1,1,1,1422,1304,661,13,8,6,8,2,0,2,425,False,False
127054,Nationaal_Monument_(Amsterdam),1019,1014,1018,509,0,0,0,1,0,0,613,610,327,268,268,118,136,135,63,1,1,1,610,327,1,327,25,True,True
127622,Descent_of_the_Ganges,323,321,320,288,3,1,1,6,6,5,0,0,0,3,3,3,308,308,277,3,3,2,7,6,0,6,277,False,False
127624,Charminar,1092,1091,1085,868,10,9,1,2,2,1,0,0,0,0,0,0,1073,1073,862,7,7,4,11,2,0,2,787,False,True
127694,Torre_del_Oro,337,320,331,148,17,4,0,21,21,0,0,0,0,5,5,1,288,285,146,6,5,1,25,0,0,0,146,False,True
127704,"Plaza_de_España,_Seville",1304,1292,1295,663,1,1,1,3,3,0,0,0,0,20,20,6,1271,1261,651,9,7,5,4,1,1,1,595,False,False
128018,Palau_Nacional_(Barcelona),672,672,671,457,2,2,0,33,33,0,0,0,0,6,6,4,630,630,452,1,1,1,35,0,0,0,394,False,True
128030,"Palacio_de_Cristal,_Madrid",440,438,438,183,1,0,0,0,0,0,0,0,0,10,10,0,427,426,183,2,2,0,0,0,0,0,183,False,False
128040,Scott_Monument,612,609,600,402,24,21,5,3,3,2,5,5,0,7,7,6,561,561,383,12,12,6,29,7,0,7,335,False,True
128597,Padrão_dos_Descobrimentos,1685,1645,1680,1266,0,0,0,0,0,0,3,3,0,4,4,3,1673,1634,1239,5,4,4,3,0,0,0,1106,False,False
128613,Millennium_Monument_(Budapest),546,539,540,252,2,1,0,34,34,9,23,23,10,10,10,4,471,465,225,6,6,4,58,19,0,19,225,True,True
128950,Palacio_de_Comunicaciones,2688,2683,2683,828,0,0,0,3,3,0,9,6,0,4,4,2,2667,2667,826,5,3,0,9,0,2,0,305,False,False
128992,"Monument_to_Nicholas_I_of_Russia,_Saint_Petersburg",258,251,250,178,15,10,3,15,15,7,0,0,0,3,3,0,217,217,165,8,6,3,25,10,0,10,165,True,True
129620,Pakistan_Monument_Islamabad,1304,1303,1302,547,0,0,0,0,0,0,0,0,0,20,20,1,1282,1281,544,2,2,2,0,0,0,0,544,False,False
129640,Hiran_Minar,335,333,333,201,27,27,16,0,0,0,0,0,0,10,10,4,296,294,180,2,2,1,27,16,0,16,180,True,True
129852,Monument_to_Bohdan_Khmelnytsky_in_Kyiv,324,323,313,250,3,3,0,8,8,3,0,0,0,8,8,3,294,294,239,11,10,5,11,3,0,3,239,False,True
131955,Great_Sphinx_of_Giza,946,920,877,602,111,97,48,107,105,27,18,18,4,35,33,15,606,605,474,69,62,32,220,79,0,79,474,True,True
132020,"Plague_Column,_Vienna",271,266,271,207,4,2,0,1,0,0,4,4,1,5,5,2,257,255,202,0,0,0,6,1,0,1,202,False,False
133018,Mutiny_Memorial,221,221,219,194,1,1,0,0,0,0,0,0,0,0,0,0,218,218,192,2,2,2,1,0,0,0,192,False,False
133228,"Plaza_Mayor,_Salamanca",715,711,708,410,1,1,0,2,2,1,0,0,0,3,3,0,702,699,406,7,6,3,3,1,1,1,267,False,False
139979,"Humayun's_Tomb,_Delhi",3898,3856,3882,2785,18,11,5,7,7,3,1,1,0,3,3,1,3853,3819,2762,16,15,13,19,8,1,8,2320,False,True
140350,Newgrange,762,758,755,345,2,2,0,4,3,0,0,0,0,13,13,8,736,734,334,7,6,1,5,0,0,0,207,False,False
140351,El_Deir,291,281,289,236,12,3,2,8,8,3,2,2,0,2,2,2,265,265,228,2,1,1,13,5,0,5,228,False,True
140381,Al_Khazneh,702,700,696,578,8,6,3,13,13,4,1,1,1,11,11,8,663,663,558,6,6,4,20,8,0,8,558,False,True
141135,"Tomb_of_Maximilian_I,_Holy_Roman_Emperor",250,246,245,149,18,18,2,2,2,0,0,0,0,1,1,1,224,224,146,5,1,0,20,2,0,2,146,False,True
141868,Isa_Khan_Niyazi's_tomb,899,886,897,665,0,0,0,0,0,0,0,0,0,0,0,0,897,884,651,2,2,2,0,0,0,0,605,False,False
141943,"Dai_Anga_Tomb,_Lahore",447,447,447,359,1,1,0,0,0,0,0,0,0,0,0,0,446,446,359,0,0,0,1,0,0,0,273,False,False
143198,Soviet_Cenotaph_in_Berlin-Tiergarten,498,498,495,232,1,1,1,0,0,0,19,19,1,22,22,9,453,453,221,3,3,0,20,2,0,2,221,False,True
159326,"Victoria_Memorial,_Kolkata",1254,1245,1248,887,1,1,1,7,7,3,4,4,0,0,0,0,1236,1227,880,6,6,3,12,4,0,4,880,False,True
160280,Lincoln_Memorial,2984,2952,2959,950,4,2,1,472,462,96,113,112,28,308,300,13,2062,2054,803,25,22,5,576,125,0,94,467,True,True
160281,Hiroshima_Peace_Memorial_(Genbaku_Dome),460,459,428,361,0,0,0,0,0,0,15,15,1,7,7,5,406,406,332,32,31,23,15,1,0,1,332,False,True
160684,Abraham_Lincoln_seated_at_the_Lincoln_Memorial,652,646,647,423,1,1,1,218,215,84,16,16,8,49,49,5,363,361,319,5,4,3,232,93,0,93,319,True,True
166354,Celsus_library_in_Ephesus,397,395,382,342,0,0,0,1,0,0,0,0,0,7,7,6,374,374,325,15,14,11,0,0,0,0,325,False,False
167763,Auberchicourt_British_Cemetery,307,306,307,230,0,0,0,0,0,0,0,0,0,0,0,0,307,306,230,0,0,0,0,0,0,0,230,False,False
169350,Douai_Communal_Cemetery,642,642,642,366,0,0,0,0,0,0,0,0,0,0,0,0,642,642,366,0,0,0,0,0,0,0,366,False,False
169919,Nécropole_nationale_de_Dunkerque,1504,1504,1504,1495,0,0,0,0,0,0,0,0,0,0,0,0,1504,1504,1495,0,0,0,0,0,1,0,1495,False,False
169933,Nécropole_nationale_d'Haubourdin,1978,1978,1978,1914,0,0,0,0,0,0,0,0,0,0,0,0,1978,1978,1914,0,0,0,0,0,1,0,1914,False,False
170103,Prague_Castle,3795,3673,3718,1553,96,54,1,45,26,0,19,19,5,50,50,4,3508,3476,1522,77,48,20,99,6,0,5,760,False,True
171780,Colossi_of_Memnon,249,249,239,240,0,0,0,0,0,0,0,0,0,13,13,10,226,226,221,10,10,9,0,0,0,0,221,False,False
174752,Hagia_Sophia,2975,2923,2898,1623,106,85,15,43,41,9,9,9,2,33,33,16,2707,2690,1550,77,65,19,135,26,2,24,981,True,True
174756,Sultan_Ahmed_I_Mosque,1546,1539,1535,773,22,17,0,19,19,0,5,5,1,19,19,0,1470,1470,770,11,9,2,41,1,0,1,313,False,True
174758,Kul_Sharif_Mosque,562,560,562,326,0,0,0,0,0,0,0,0,0,0,0,0,562,560,326,0,0,0,0,0,1,0,203,False,False
174761,Dome_of_the_Rock,2359,2328,2321,1301,81,68,2,147,143,0,62,62,2,33,33,10,1998,1989,1281,38,33,2,273,4,0,4,1281,False,True
174764,Süleymaniye_Mosque,620,613,617,180,23,18,1,6,5,0,0,0,0,14,14,1,574,574,177,3,2,1,23,1,0,1,139,False,True
174773,"Jama_Masjid,_Delhi",1081,1069,1065,691,40,30,4,20,20,12,12,12,0,10,10,2,983,983,665,16,14,8,62,16,0,16,597,True,True
174792,Badshahi_Mosque,773,769,771,523,16,13,3,0,0,0,1,1,1,7,7,0,747,746,518,2,2,1,14,4,0,4,518,False,True
174810,Faisal_Mosque,2194,2194,2189,828,108,108,50,0,0,0,0,0,0,12,12,1,2069,2069,777,5,5,0,108,50,0,50,777,True,True
174836,Muhammad_Ali_Mosque,1388,1386,1379,889,35,34,9,17,17,2,7,6,1,7,7,3,1313,1313,868,9,9,5,57,12,0,12,624,True,True
174859,Al-Hakim_Mosque,456,450,456,167,8,5,0,4,1,0,0,0,0,4,4,1,440,440,166,0,0,0,6,0,0,0,166,False,False
174870,Baitul_Mukarram,678,678,678,348,0,0,0,0,0,0,3,3,0,1,1,1,674,674,347,0,0,0,3,0,4,0,201,False,False
174891,New_Mosque_(Istanbul),542,540,535,270,7,5,1,8,8,1,1,1,0,4,4,0,515,515,264,7,7,4,14,2,0,2,201,False,True
174907,Šarena_Džamija_(Tetovo),390,389,389,318,1,1,0,2,2,0,0,0,0,11,11,9,375,374,308,1,1,0,3,0,0,0,308,False,False
174932,Great_Mosque_of_Kairouan,1110,1103,1091,489,13,11,0,23,23,0,0,0,0,25,25,8,1030,1026,478,19,18,3,34,0,0,0,232,False,True
174934,Jameh_Mosque_of_Isfahan,1033,1030,1033,487,1,0,0,2,2,2,7,7,6,42,42,20,981,979,458,0,0,0,9,8,0,8,429,False,False
174939,Mustafa_Pasha_Mosque_(Skopje),332,330,330,200,2,2,0,3,2,0,0,0,0,0,0,0,325,325,200,2,1,0,4,0,0,0,200,False,False
174943,Zitouna_Mosque,533,527,527,281,18,18,0,22,22,1,5,5,0,5,5,2,477,472,276,6,5,1,45,1,0,1,276,False,True
175047,Vakil_Mosque,556,555,556,425,2,2,2,0,0,0,0,0,0,0,0,0,554,553,422,0,0,0,2,2,0,2,373,False,False
175058,Nasir-ol-Molk_Mosque,774,774,770,622,5,5,5,0,0,0,0,0,0,0,0,0,765,765,614,4,4,3,5,5,0,4,432,False,False
175061,"Blue_Mosque,_Yerevan",498,488,491,216,12,6,2,6,6,0,0,0,0,0,0,0,473,469,214,7,7,0,12,2,0,2,214,False,True
175096,Wazir_Khan_Mosque,854,818,851,499,16,15,8,0,0,0,0,0,0,3,3,2,832,800,478,3,0,0,15,8,1,8,418,False,True
175254,Agha_Bozorg_Mosque,255,255,255,177,1,1,1,0,0,0,0,0,0,0,0,0,254,254,176,0,0,0,1,1,1,1,114,False,False
175987,Qila-i-Kuhna_mosque,586,585,583,432,2,1,0,1,1,1,0,0,0,0,0,0,580,580,429,3,3,2,2,1,0,1,382,False,False
176051,Sat_Gambuj_Mosque,465,465,464,382,1,1,0,1,1,0,1,1,0,0,0,0,461,461,382,1,1,0,3,0,1,0,300,False,False
176127,Bara_Gumbad,479,464,478,333,0,0,0,0,0,0,0,0,0,0,0,0,478,463,323,1,1,1,0,0,1,0,273,False,False
177067,Asfi_Mosque,222,212,221,194,15,5,2,3,3,1,0,0,0,0,0,0,203,203,190,1,1,1,8,3,0,3,190,False,False
177689,Luxembourg_Palace,977,898,940,442,81,41,4,30,22,0,4,4,1,6,6,5,819,808,425,37,17,6,67,5,0,5,425,False,True
177715,Mysore_Palace,812,805,802,444,9,8,2,1,1,0,0,0,0,7,7,4,785,779,429,10,10,8,9,2,0,2,429,False,False
177716,Amber_Fort,2597,2545,2578,1142,8,8,2,6,6,3,3,3,0,1,1,1,2560,2517,1116,19,10,3,17,5,4,3,227,False,True
177717,Grand_Palais,2055,2032,2006,541,5,2,0,125,119,15,2,2,0,7,7,0,1867,1856,523,49,46,3,123,15,0,10,360,True,True
177743,Generalife,1514,1460,1503,412,46,21,2,25,4,0,8,8,0,23,22,1,1401,1397,409,11,8,0,33,2,2,2,295,False,True
177746,Palácio_Nacional_de_Sintra,1319,1283,1314,455,7,0,0,15,14,0,2,2,1,7,7,5,1283,1257,443,5,3,0,16,1,3,1,307,False,True
177768,Palace_of_Versailles,5993,5354,5855,1273,967,656,10,320,308,11,14,14,4,23,23,7,4531,4269,1179,138,84,16,978,25,9,7,210,False,True
177770,Neuschwanstein_Castle,1307,1265,1279,703,63,53,9,38,34,0,3,3,0,11,11,4,1164,1139,672,28,25,15,90,9,1,5,156,False,True
177777,Windsor_Castle,1111,982,1053,391,133,38,2,48,42,2,5,5,1,26,26,15,841,836,368,58,35,3,85,5,0,5,314,False,True
177778,Hofburg,1533,1442,1499,300,50,17,0,7,6,0,1,1,0,17,17,1,1424,1380,296,34,21,3,24,0,0,0,195,False,True
177779,Buda_Castle,1130,1121,1111,349,18,14,0,120,119,0,89,89,0,41,41,2,843,842,342,19,16,5,222,0,2,0,223,False,True
177780,Alhambra,7390,7172,7307,2338,426,307,37,87,47,5,15,14,7,161,160,62,6618,6596,2217,83,48,9,368,49,9,30,919,True,True
177787,Palácio_Nacional_da_Pena,2478,2393,2457,1206,41,10,1,9,9,0,2,2,1,14,14,8,2391,2342,1178,21,16,3,21,2,1,1,809,False,True
177788,Potala_Palace,697,688,685,353,1,0,0,131,128,93,3,3,2,41,41,3,509,507,251,12,9,4,131,95,0,95,251,True,True
177789,Forbidden_City,3016,3002,2973,541,11,7,0,84,82,1,21,21,1,112,112,15,2745,2738,519,43,42,5,110,2,7,1,170,False,True
177790,Troja_Castle,276,236,262,122,8,0,0,0,0,0,1,1,0,0,0,0,253,222,120,14,13,2,1,0,1,0,120,False,False
177800,Palais_des_Papes_d'Avignon,659,593,615,288,27,14,1,38,37,0,3,3,2,0,0,0,547,529,279,44,10,6,54,3,1,3,279,False,True
177805,Schloss_Sanssouci,987,950,897,345,33,16,0,27,26,0,64,64,20,43,43,10,730,711,298,90,90,16,106,20,0,20,298,True,True
177806,"Zwinger,_Dresden",2988,2942,2832,1307,98,76,3,91,87,9,244,244,62,452,447,143,1947,1942,1074,156,146,9,407,74,0,74,1022,True,True
177808,Würzburg_Residence_with_the_Court_Gardens_and_Residence_Square,493,484,490,360,6,3,1,8,7,0,13,13,2,8,8,6,455,450,351,3,3,0,23,3,2,2,76,False,True
177816,Royal_Palace_of_Madrid,1625,1569,1601,881,49,21,1,60,52,0,9,9,1,21,21,4,1462,1451,859,24,15,13,82,2,3,2,317,False,True
177820,Winter_Palace,1308,1263,1285,544,65,32,0,38,36,0,11,11,2,25,25,16,1146,1142,518,23,17,8,79,2,0,1,382,False,True
177823,Doge's_Palace_(Venice),2150,1937,2023,1140,144,74,26,32,23,10,75,71,17,47,47,26,1725,1634,1024,127,88,26,168,53,0,34,750,True,True
177831,Rosenborg_Castle,468,449,461,240,27,16,2,3,3,1,0,0,0,5,5,4,426,421,232,7,4,1,19,3,0,3,232,False,True
177834,Belvedere_(Vienna),2260,2218,2227,1050,26,12,2,20,9,0,2,2,0,20,20,4,2159,2150,1029,33,25,15,23,2,1,2,733,False,True
177860,Palais_du_Louvre,3643,3397,3590,559,275,149,26,26,21,0,4,4,0,25,25,5,3260,3170,524,53,28,4,174,26,7,16,364,True,True
177922,Palazzo_Ducale_(Urbino),785,775,779,307,4,0,0,4,3,0,2,2,1,36,36,20,733,730,285,6,4,1,5,1,0,1,210,False,False
177952,Schloss_Seehof,462,454,461,199,3,2,0,0,0,0,0,0,0,3,3,0,455,448,199,1,1,0,2,0,0,0,199,False,False
177971,Peleș_Castle,860,856,853,375,4,4,1,17,17,1,5,5,3,0,0,0,827,824,366,7,6,3,26,5,1,5,310,False,True
177987,Christiansborg_Palace,813,750,757,252,100,50,0,20,13,0,27,27,5,8,8,4,602,600,221,56,52,21,90,5,0,5,221,False,True
178070,Schloss_Nordkirchen,1007,993,1003,493,16,5,0,1,1,0,0,0,0,2,2,0,984,982,493,4,3,0,6,0,0,0,411,False,False
178081,Schloss_Ludwigsburg,531,516,520,147,6,2,0,69,69,3,10,10,4,6,6,2,429,418,137,11,11,1,81,7,0,4,89,False,True
178109,Hawa_Mahal,1000,998,990,673,5,5,2,5,5,0,4,4,0,3,3,0,973,971,667,10,10,3,14,2,0,1,496,False,True
178555,Palácio_de_São_Bento,553,524,549,216,3,1,0,30,21,0,4,1,0,2,2,0,510,497,214,4,2,1,23,0,0,0,214,False,True
179040,Palau_del_Marqués_de_Dos_Aigües,864,833,861,346,6,6,2,0,0,0,0,0,0,2,2,1,853,823,341,3,2,2,6,2,0,2,188,False,False
179053,Palacio_de_Carlos_V,490,482,488,271,9,4,1,0,0,0,1,0,0,1,1,1,477,477,269,2,0,0,4,1,1,1,73,False,False
179357,Dolmabahçe_Palace,824,809,811,255,13,6,0,10,10,0,2,2,0,3,3,2,783,776,250,13,12,3,18,0,1,0,194,False,True
179427,Palace_of_Darius_I_in_Persepolis,359,350,356,222,40,35,0,8,5,1,1,1,0,8,8,3,299,299,218,3,2,0,41,1,0,1,161,False,True
179927,Branicki_Palace_in_Białystok,782,775,774,268,10,4,0,6,6,3,0,0,0,1,1,1,757,756,264,8,8,0,10,3,0,3,264,False,True
179941,Grand_Peterhof_Palace,969,961,959,769,8,5,1,2,2,0,2,2,1,24,23,13,923,921,747,10,8,7,9,2,0,2,640,False,False
179970,Quinta_da_Regaleira,1832,1793,1804,495,0,0,0,0,0,0,0,0,0,0,0,0,1804,1790,494,28,3,0,0,0,0,0,226,False,False
179990,Catherine_Palace,2119,1993,2110,945,10,6,0,26,26,0,0,0,0,11,11,6,2063,1943,894,9,7,3,32,0,8,0,334,False,True
180276,Schoenborn_Palace,339,339,335,240,0,0,0,0,0,0,0,0,0,1,1,1,334,334,237,4,4,2,0,0,0,0,237,False,False
181328,Jahangiri_Mahal_(Agra_Fort),435,435,433,241,0,0,0,0,0,0,0,0,0,2,2,2,431,431,238,2,2,1,0,0,0,0,238,False,False
181371,Tajhat_Palace,534,534,534,225,0,0,0,0,0,0,0,0,0,0,0,0,534,534,225,0,0,0,0,0,0,0,225,False,False
181705,Palais_de_Chaillot,792,781,779,532,1,1,0,30,26,11,15,15,9,13,13,11,720,714,499,13,12,2,42,20,0,20,499,True,True
183634,Lotus_Mahal_(Hampi),231,231,229,215,2,2,1,0,0,0,0,0,0,0,0,0,227,227,212,2,2,2,2,1,0,1,212,False,False
185007,Quirinal_Palace,1304,1213,1292,223,48,14,0,16,14,0,45,39,1,8,8,0,1175,1135,222,12,3,0,67,1,0,1,162,False,True
185010,Palazzo_Vecchio,1575,1248,1508,571,224,28,6,21,20,4,5,5,2,26,26,13,1232,1133,513,67,36,20,53,12,0,9,346,False,True
185065,Palazzo_Pubblico_(Siena),433,332,397,213,70,15,4,2,2,0,1,1,1,7,7,6,317,293,199,36,14,1,18,5,0,5,199,False,True
185400,Galleria_Alberto_Sordi_(Rome),461,461,458,346,3,3,2,1,1,0,1,1,0,0,0,0,453,453,341,3,3,3,5,2,0,2,254,False,False
185693,Palazzo_Madama_(Turin),536,518,471,276,13,3,0,0,0,0,0,0,0,6,5,3,452,450,263,65,60,10,3,0,0,0,179,False,False
185845,Buckingham_Palace,2171,2080,2157,1008,99,25,0,66,56,3,29,29,0,40,40,17,1923,1921,984,14,9,4,110,3,0,3,941,False,True
185848,Dresden_Castle,1144,1079,1116,330,61,41,5,121,104,8,55,55,4,108,108,12,771,766,300,28,5,0,200,17,0,17,240,True,True
185851,Drottningholm_Palace,533,517,527,195,17,6,0,5,5,1,4,4,0,36,36,3,465,460,187,6,6,4,15,1,1,1,187,False,True
185955,"Royal_Castle,_Warsaw",1551,1371,1518,356,168,41,1,45,42,6,7,7,0,18,17,2,1280,1245,343,33,19,4,90,7,4,7,293,False,True
185957,"Royal_Palace,_Oslo",703,684,658,204,23,16,3,106,106,8,52,52,8,2,2,1,475,475,172,45,33,12,174,19,0,19,172,True,True
185967,Royal_Palace_of_Amsterdam,2056,1933,1984,752,207,131,70,236,220,48,437,430,192,452,448,66,652,642,340,72,62,24,781,310,0,244,289,True,True
186246,Arena_(Verona),552,541,528,251,20,15,1,11,10,1,2,2,0,16,16,2,479,479,240,24,19,7,27,2,0,2,240,False,True
186248,Chicago_Theatre,254,249,241,167,0,0,0,2,2,0,4,4,1,9,8,1,226,225,164,13,10,1,6,1,0,1,164,False,False
186414,Maribor_Slovene_National_Theatre,51,50,51,0,1,0,0,19,19,0,25,25,0,0,0,0,6,6,0,0,0,0,44,0,,0,0,False,False
186483,Royal_Albert_Hall,755,738,751,292,19,13,2,6,5,0,1,1,0,16,12,8,709,704,281,4,3,0,19,2,0,2,281,False,True
186591,Lviv_Opera_House,479,468,469,262,1,0,0,3,1,0,0,0,0,3,0,0,462,458,261,10,9,1,1,0,0,0,261,False,False
187209,Manila_Metropolitan_Theater,265,265,265,201,0,0,0,2,2,0,1,1,0,0,0,0,262,262,201,0,0,0,3,0,0,0,201,False,False
187593,Tatar_State_Opera_and_Ballet_Theatre,753,753,753,456,2,2,0,0,0,0,0,0,0,0,0,0,751,751,456,0,0,0,2,0,0,0,240,False,False
187836,Theatro_Municipal_de_São_Paulo,580,574,552,238,1,0,0,7,4,2,2,2,0,0,0,0,542,541,231,28,27,3,6,2,0,2,231,False,False
187837,Teatro_Carlo_Felice_(Genoa),410,408,408,200,2,1,0,6,6,0,0,0,0,1,1,0,399,398,199,2,2,1,7,0,0,0,199,False,False
187949,Roman_theater_in_Amman,293,293,289,230,0,0,0,7,7,0,0,0,0,2,2,1,280,280,227,4,4,2,7,0,0,0,227,False,False
188381,Hamburger_Rathaus,417,401,411,251,12,2,0,6,3,0,0,0,0,0,0,0,393,390,248,6,6,2,5,0,0,0,248,False,False
188386,Neues_Rathaus_(München),607,602,597,405,7,6,4,20,20,4,10,10,6,12,12,7,548,545,379,10,9,5,36,14,0,14,379,True,True
188387,Rotes_Rathaus,762,752,752,302,15,11,0,20,19,2,73,73,13,105,105,11,539,535,272,10,9,4,103,15,0,15,272,True,True
188402,Oslo_City_Hall,603,583,598,337,0,0,0,26,25,10,102,100,50,11,11,9,459,443,264,5,4,1,125,60,4,36,159,True,True
188411,Altes_Rathaus_(Bamberg),395,389,387,329,7,6,0,7,7,2,0,0,0,2,2,0,371,367,323,8,7,2,13,2,0,2,323,False,True
188479,Theatre_of_Hierapolis,228,228,228,135,0,0,0,0,0,0,0,0,0,5,5,3,223,223,132,0,0,0,0,0,0,0,110,False,False
189078,Altes_Rathaus_(Leipzig),480,468,474,275,17,11,0,10,10,0,137,137,98,57,56,46,253,248,126,6,6,5,158,98,0,98,126,True,True
189104,Neues_Rathaus_(Hannover),369,362,369,214,4,2,0,25,23,0,1,1,0,1,1,0,338,335,214,0,0,0,26,0,0,0,214,False,True
189109,Stockholm_City_Hall,1018,1002,1001,473,0,0,0,39,39,2,35,35,0,12,11,5,915,903,460,17,14,6,74,2,1,2,460,False,True
189605,Vienna_City_Hall,626,622,619,387,6,4,1,13,13,8,4,4,3,2,2,1,594,594,369,7,5,5,21,12,0,12,369,True,True
189625,Tallinn_Town_Hall,354,353,353,207,1,1,0,0,0,0,0,0,0,18,18,1,334,333,205,1,1,1,1,0,0,0,205,False,False
189636,San_Francisco_City_Hall,618,613,608,286,5,4,0,36,36,2,0,0,0,17,17,2,550,546,280,10,10,2,40,2,2,2,280,False,True
189730,Gdańsk_Main_Town_Hall,542,540,538,307,7,7,2,7,7,3,15,15,13,0,0,0,509,507,289,4,4,0,29,18,0,18,289,True,True
189860,Old_Town_Hall_in_Toruń,326,290,307,160,22,0,0,1,1,0,0,0,0,1,1,1,283,282,156,19,6,3,1,0,1,0,156,False,False
189875,"Old_City_Hall,_Boston",500,491,429,212,11,5,0,7,7,0,8,8,3,0,0,0,403,401,209,71,70,0,20,3,1,3,209,False,True
190033,Seattle_City_Hall,1579,1579,1568,231,0,0,0,0,0,0,0,0,0,0,0,0,1568,1568,231,11,11,0,0,0,0,0,231,False,False
190045,Old_Town_Hall_(Prague),7458,7430,7447,3373,17,12,0,17,11,0,11,11,7,10,10,9,7392,7376,3350,11,10,7,34,7,0,7,2505,False,True
190075,Stadhuis_Haarlem,633,622,522,200,49,46,21,108,108,32,178,175,15,80,80,19,107,105,46,111,108,67,329,68,0,68,46,True,True
190462,Leeds_Town_Hall,541,518,539,133,26,6,0,7,7,0,0,0,0,4,4,1,502,501,131,2,0,0,13,0,12,0,85,False,True
190517,Stadhuis_(Gouda),424,422,403,211,5,3,1,27,27,1,46,46,7,135,135,40,190,190,148,21,21,14,76,9,0,9,148,False,True
190557,Brisbane_City_Hall,1107,1104,1106,349,0,0,0,53,50,1,23,23,0,1,1,0,1029,1029,348,1,1,0,73,1,2,1,278,False,True
193699,Burgtheater,745,673,725,254,50,22,2,16,12,0,2,2,1,19,19,5,638,605,224,20,13,3,36,3,0,3,188,False,True
194269,Amphitheatre_(Pula),575,566,559,404,16,11,0,9,9,0,0,0,0,9,9,5,525,523,390,16,14,9,20,0,0,0,390,False,True
194273,Theatre_of_Epidaurus,361,358,357,259,5,4,2,5,5,0,1,1,0,9,9,3,337,336,253,4,3,1,10,2,0,2,253,False,True
194375,Amphitheatre_(Tarragona),268,267,265,203,0,0,0,1,1,0,0,0,0,1,1,1,263,262,199,3,3,3,1,0,0,0,199,False,False
194576,Brussels_town_hall,651,630,628,365,54,37,14,10,9,3,2,2,2,4,4,0,558,556,337,23,22,9,48,19,0,19,337,True,True
195317,Semperoper,1344,1329,1321,855,44,42,15,66,63,30,36,36,23,129,125,92,1046,1042,682,23,21,9,141,68,0,68,544,True,True
195324,Opéra_Garnier,1183,1116,1136,591,188,147,32,63,57,27,5,5,5,21,21,11,859,850,495,47,36,18,209,64,0,61,345,True,True
195328,Vienna_State_Opera,698,679,680,437,45,35,10,18,15,2,16,16,3,12,12,10,589,587,402,18,14,9,66,15,0,15,266,True,True
195505,Palacio_de_Bellas_Artes,856,851,844,551,1,1,1,5,5,3,2,2,1,5,5,1,831,827,538,12,11,7,8,5,0,5,538,False,False
197303,Theatre_of_Herodes_Atticus,495,491,484,348,10,9,0,8,7,0,3,3,1,0,0,0,463,463,340,11,9,7,19,1,0,1,224,False,True
197606,Hungarian_Parliament_Building,1623,1619,1602,943,5,5,0,64,64,1,31,31,2,25,25,9,1477,1473,918,21,21,12,100,3,0,3,713,False,True
197608,Palace_of_Westminster,2631,2568,2604,1683,112,65,11,69,64,5,12,12,2,43,42,13,2368,2364,1642,27,21,10,141,18,1,14,90,True,True
197612,"Palacio_Legislativo,_Uruguay",334,332,332,242,0,0,0,8,8,0,1,1,0,1,1,0,322,322,242,2,0,0,9,0,0,0,242,False,False
197621,Austrian_Parliament_Building,776,761,746,381,7,6,1,20,19,6,6,6,4,12,12,4,701,696,354,30,22,12,31,11,0,11,354,True,True
197622,Legislative_Yuan,2772,2768,2763,483,0,0,0,32,32,0,718,718,0,2,2,0,2011,2007,481,9,9,1,750,0,0,0,359,False,True
197702,British_Columbia_Parliament_Buildings,354,341,346,206,13,2,0,23,21,4,0,0,0,6,6,6,304,304,191,8,8,5,23,4,0,4,191,False,True
197706,Palácio_Nereu_Ramos,957,957,953,297,0,0,0,0,0,0,14,14,0,4,4,0,935,935,295,4,4,2,14,0,0,0,295,False,True
197709,Centre_Block,517,502,511,233,19,17,0,34,27,1,2,2,1,1,1,1,455,449,229,6,6,1,46,2,0,2,229,False,True
198027,Hôtel_de_Ville_de_Paris,1235,1106,1196,514,197,104,12,32,26,4,2,2,2,10,10,7,955,946,478,39,18,9,132,18,0,18,478,True,True
198033,Wrocław_Town_Hall,617,605,598,397,14,8,4,32,30,14,1,1,0,2,2,1,549,549,371,19,15,7,39,18,0,18,371,True,True
198039,Montreal_City_Hall,411,405,409,244,3,3,0,13,13,1,0,0,0,7,2,2,386,385,235,2,2,1,16,1,0,1,235,False,True
200849,Hôtel-Dieu_de_Beaune,838,813,795,306,5,4,2,17,17,5,0,0,0,8,8,7,765,749,283,43,35,7,21,7,0,7,201,False,True
202828,Greenwich_Hospital,1202,1118,1173,707,55,5,1,7,7,1,4,4,0,4,4,1,1103,1084,684,29,14,3,16,2,0,1,169,False,True
203574,"Chennakesava_Temple,_Somanathapura",1469,1465,1463,799,0,0,0,0,0,0,0,0,0,0,0,0,1463,1459,791,6,6,4,0,0,0,0,711,False,False
203616,Ajanta_Caves,1919,1895,1909,433,35,34,0,7,6,0,1,1,0,4,4,2,1862,1842,430,10,8,0,41,0,0,0,277,False,True
203641,Garni_Temple,762,761,757,591,1,1,0,2,2,0,2,2,0,12,12,1,740,739,586,5,5,4,5,0,0,0,586,False,False
203649,Temple_of_Antoninus_and_Faustina_(Rome),263,263,246,206,8,8,5,3,3,0,1,1,0,5,5,3,229,229,191,17,17,7,12,5,0,5,191,False,True
203651,Templo_Mayor,894,887,889,379,1,1,0,0,0,0,0,0,0,8,8,0,880,875,374,5,3,1,1,0,1,0,374,False,False
203750,"Lakshminarayana_Temple,_Hosaholalu",354,353,354,315,0,0,0,0,0,0,0,0,0,0,0,0,354,353,315,0,0,0,0,0,0,0,315,False,False
205843,"Vidyashankara_Temple,_Shringeri",227,227,223,194,0,0,0,0,0,0,0,0,0,4,4,4,219,219,187,4,4,3,0,0,0,0,187,False,False
206083,Toji,629,626,613,216,3,3,0,1,0,0,0,0,0,1,1,0,608,607,214,16,15,2,3,0,0,0,214,False,False
206501,Medinet_Habu,1603,1545,1576,751,140,109,23,37,30,1,1,1,0,25,25,11,1373,1361,707,27,19,4,140,24,0,11,346,True,True
206978,Parthenon,2493,2371,2429,761,248,178,0,90,82,2,38,38,18,32,32,14,2021,2011,720,64,30,3,298,20,0,11,226,True,True
206981,Erechtheum,1173,1129,1154,692,134,102,5,60,57,7,24,24,14,28,27,12,908,906,650,19,13,3,183,26,0,26,650,True,True
206990,Temple_of_Aphaia,339,326,330,190,13,6,0,8,5,0,0,0,0,9,9,1,300,300,187,9,6,2,11,0,0,0,187,False,True
207003,Temple_of_Zeus_in_Athens,631,609,618,400,42,28,2,24,17,0,2,2,1,6,6,4,544,544,388,13,12,5,47,3,0,3,388,False,True
207089,"Krishna_Mandir,_Patan",341,341,341,235,2,2,1,2,2,1,1,1,1,6,6,3,330,330,229,0,0,0,5,3,0,3,229,False,False
207217,Temple_of_Apollo_in_Delphi,314,314,302,265,0,0,0,1,1,0,1,1,0,6,6,2,294,294,255,12,12,8,2,0,0,0,255,False,False
207227,Temple_of_Poseidon_at_Cape_Sounion,395,395,388,276,7,7,0,1,1,0,0,0,0,15,15,6,365,365,269,7,7,1,8,0,0,0,269,False,False
207358,Angkor_Wat,4063,4050,3904,336,55,53,0,22,21,0,12,12,0,4,4,3,3811,3801,333,159,159,0,86,0,34,0,197,False,True
207359,Prambanan,1276,1274,1146,142,298,298,0,145,145,0,7,6,0,87,87,3,609,609,134,130,129,5,449,0,0,0,134,False,True
207369,Konark_Sun_Temple,1742,1482,1692,805,36,26,2,11,10,3,1,1,0,12,9,3,1632,1422,735,50,14,9,37,5,0,5,609,False,True
207371,Badami_Cave_Temples,1165,1140,1158,790,11,1,0,1,1,0,0,0,0,2,2,1,1144,1130,774,7,6,6,2,0,0,0,587,False,False
207373,"Bhairavnath_Temple,_Bhaktapur",272,271,271,231,1,0,0,1,1,0,0,0,0,4,4,3,265,265,227,1,1,1,1,0,0,0,227,False,False
207388,Shore_Temple,781,780,775,583,0,0,0,13,13,4,2,2,0,3,3,3,757,756,572,6,6,4,15,4,0,4,572,False,True
207401,Gangaikonda_Cholapuram,958,955,950,467,0,0,0,3,3,0,0,0,0,1,1,0,946,944,464,8,7,3,3,0,0,0,262,False,False
207402,"Nyatapola_Temple,_Bhaktapur",610,608,607,491,0,0,0,2,2,1,0,0,0,3,3,2,602,600,487,3,3,1,2,1,0,1,487,False,False
207453,Pancha_Rathas,419,418,413,268,0,0,0,11,11,6,1,1,0,1,1,1,400,400,261,6,5,0,12,6,0,6,261,False,True
207454,Virupaksha_Temple,807,801,803,395,0,0,0,1,1,0,0,0,0,0,0,0,802,796,391,4,4,4,1,0,0,0,289,False,False
207473,Janaki_Mandir,388,387,386,287,0,0,0,0,0,0,0,0,0,1,1,1,385,384,284,2,2,2,0,0,0,0,284,False,False
207477,Kantanagar_Temple,584,574,575,228,1,1,0,0,0,0,0,0,0,0,0,0,574,564,223,9,9,3,1,0,0,0,223,False,False
207480,Airavatesvara_Temple,899,897,893,327,1,1,0,0,0,0,0,0,0,0,0,0,892,891,325,6,5,2,1,0,0,0,270,False,False
207483,Hoysaleswara_Temple,3459,3454,3435,1679,11,11,3,3,3,1,0,0,0,21,20,9,3400,3397,1660,24,23,5,14,4,0,2,1089,False,True
207507,"Chennakesava_Temple,_Belur",2978,2975,2959,1241,5,5,1,1,1,0,0,0,0,8,8,3,2945,2942,1234,19,19,2,6,1,4,1,164,False,False
207761,Varadharaja_Perumal_Temple,871,869,868,273,0,0,0,1,1,0,0,0,0,0,0,0,867,867,273,3,1,0,1,0,0,0,200,False,False
207971,Mosteiro_da_Batalha,1887,1883,1874,897,9,8,1,1,1,0,5,5,4,27,27,12,1832,1831,874,13,11,6,14,5,1,4,507,False,True
208021,Gangaikonda_Cholapuram_Temple,940,937,934,438,0,0,0,0,0,0,0,0,0,1,1,0,933,931,436,6,5,2,0,0,0,0,382,False,False
208126,Bhoganandishwara_Temple,938,937,938,527,1,1,0,0,0,0,0,0,0,0,0,0,937,936,527,0,0,0,1,0,0,0,417,False,False
208703,"Taleju_Temple,_Kathmandu",247,247,247,209,0,0,0,1,1,0,0,0,0,5,5,3,241,241,206,0,0,0,1,0,0,0,206,False,False
208749,Vittala_Temple,896,895,895,361,2,2,1,0,0,0,0,0,0,0,0,0,893,892,359,1,1,1,2,1,0,1,78,False,False
211429,Hanging_Temple,327,327,327,241,0,0,0,0,0,0,0,0,0,0,0,0,327,327,241,0,0,0,0,0,0,0,241,False,False
211491,Medamud,613,44,390,410,5,3,0,347,2,2,0,0,0,0,0,0,38,38,0,223,1,0,5,2,0,2,0,False,False
211500,Templo_Romano_de_Évora,424,421,418,341,3,2,0,3,2,0,1,1,1,4,4,3,407,407,333,6,5,4,5,1,0,1,333,False,False
211532,Great_Temple_of_Abu_Simbel,1539,1517,1504,950,71,60,20,18,15,6,65,65,11,83,83,58,1267,1262,839,35,32,14,140,37,3,34,501,True,True
211533,Little_Temple_of_Abu_Simbel,489,483,481,369,11,10,10,0,0,0,15,15,2,32,31,23,423,423,329,8,4,2,25,12,0,12,195,True,True
211549,Capitoline_temple_in_Dougga,307,305,303,249,4,3,0,3,3,0,0,0,0,10,10,9,286,285,236,4,4,3,6,0,0,0,236,False,False
211574,Dendera,2106,2047,2065,669,839,804,307,34,33,3,2,2,1,30,30,5,1160,1148,345,41,30,7,839,311,29,304,0,False,True
211578,Luxor_Temple,1481,1430,1441,415,65,50,14,39,39,3,4,4,0,61,61,20,1272,1239,368,40,37,9,93,17,12,13,189,True,True
211579,Edfu_Temple,1690,1645,1635,716,57,33,11,44,43,6,2,2,0,34,34,17,1498,1487,659,55,46,23,78,17,2,8,233,False,True
211580,Mortuary_temple_of_Ramses_III_at_Medinet_Habu,1200,1151,1180,610,85,59,13,28,23,0,0,0,0,8,8,4,1059,1049,585,20,12,3,82,13,0,8,246,False,True
211588,Temple_of_Debod,616,602,612,430,18,8,0,0,0,0,2,2,1,2,2,0,590,588,428,4,2,1,10,1,1,1,348,False,True
212152,Kiyomizu-dera,1130,1122,1114,478,9,8,4,6,6,0,13,11,4,5,5,2,1081,1077,464,16,15,4,25,8,0,8,410,False,True
212159,Kinkaku-ji,789,787,772,401,7,6,0,11,11,0,9,9,1,8,8,7,737,737,381,17,16,12,26,1,0,1,132,False,True
212204,Kōtoku-in,341,341,327,207,12,12,7,12,12,8,4,4,2,9,9,7,290,290,173,14,14,10,28,17,0,17,173,True,True
212322,Nishi_Hongwanji,722,719,720,434,2,2,0,0,0,0,1,1,0,0,0,0,717,716,434,2,0,0,3,0,1,0,363,False,False
212706,Paro_Taktsang,543,543,542,324,6,6,5,2,2,0,0,0,0,0,0,0,534,534,318,1,1,1,8,5,0,5,318,False,False
215494,Jasna_Góra,1727,1696,1630,484,42,26,0,266,266,7,15,15,0,4,4,1,1303,1299,464,97,86,12,307,7,1,6,390,False,True
215870,Old_Town_Square_(Prague),1572,1543,1542,1223,32,23,5,27,20,6,31,31,15,25,25,18,1427,1425,1169,30,19,10,74,26,0,26,1169,True,True
215906,"Theaterplatz,_Dresden",547,535,539,353,28,22,7,50,48,19,28,27,12,37,36,31,396,394,272,8,8,6,97,38,0,38,272,True,True
215916,"Neumarkt,_Dresden",875,857,864,496,35,22,0,16,15,1,5,5,0,13,12,0,795,794,493,11,9,2,42,1,0,1,493,False,True
215923,Markt_(Leipzig),338,328,332,160,34,27,0,17,16,1,105,105,59,35,35,27,141,139,73,6,6,0,148,60,0,60,73,True,True
215998,Times_Square,5651,5602,5641,2220,4,4,0,65,55,0,28,28,0,49,49,1,5495,5457,2217,10,9,1,87,0,2,0,954,False,True
216011,Red_Square,1906,1857,1880,543,52,31,0,127,119,0,151,149,30,250,249,64,1300,1286,442,26,23,7,299,30,2,19,302,True,True
216019,Saint_Peter's_Square,2062,2022,2017,1236,81,52,21,79,77,35,30,30,9,36,36,15,1791,1788,1133,45,39,23,159,65,0,65,953,True,True
216022,"Union_Square,_Manhattan",2340,2298,2235,509,52,32,0,183,179,0,0,0,0,2,2,0,1998,1985,505,105,100,0,211,0,0,0,240,False,True
216027,Trafalgar_Square,2714,2692,2698,1431,25,16,0,56,56,1,16,16,0,51,51,11,2550,2539,1414,16,14,3,88,1,0,1,1414,False,True
216031,Alexanderplatz_(Berlin-Mitte),1623,1586,1607,103,41,26,0,84,80,0,232,231,1,259,259,1,991,978,101,16,12,0,337,1,1,1,101,False,True
216033,Pariser_Platz_(Berlin-Mitte),567,549,564,271,15,11,0,54,46,2,19,19,2,18,18,4,458,452,259,3,3,1,76,4,1,4,204,False,True
216042,Stary_Rynek_w_Poznaniu,531,528,527,191,1,1,0,4,4,0,0,0,0,3,3,0,519,518,190,4,2,0,5,0,1,0,190,False,False
216043,Forum_Romanum,1389,1311,1313,651,63,39,5,79,60,7,7,7,3,30,30,14,1134,1124,602,76,51,20,106,15,0,15,602,True,True
216053,Piazza_San_Marco_(Venice),1022,1003,982,742,57,51,22,45,43,12,25,25,10,43,42,24,812,810,659,40,32,13,119,44,0,44,659,True,True
216060,Marienplatz_(Munich),551,509,536,246,58,31,0,29,22,3,6,6,3,42,42,6,401,398,232,15,10,0,59,6,0,6,232,False,True
216123,Place_de_la_Bourse_(Bordeaux),288,285,287,190,2,0,0,2,2,0,0,0,0,1,1,0,282,281,190,1,1,0,2,0,0,0,190,False,False
216318,Długi_Targ_Square_in_Gdańsk,531,525,528,359,7,6,0,7,7,0,14,14,9,1,1,1,499,494,347,3,3,1,27,9,0,9,347,False,True
216334,"Karlsplatz,_Vienna",1167,1138,1143,329,7,6,0,29,19,0,2,2,0,96,96,6,1009,992,312,24,23,5,27,0,0,0,218,False,True
216410,Market_Square_in_Bydgoszcz,301,300,298,258,0,0,0,0,0,0,0,0,0,0,0,0,298,298,257,3,2,1,0,0,0,0,257,False,False
216595,Town_Square_(Ljubljana),374,367,360,194,7,4,0,36,33,9,10,10,0,0,0,0,307,307,177,14,13,8,47,9,0,9,177,False,True
216618,Congress_Square,433,414,419,206,20,7,0,45,44,2,11,11,0,0,0,0,343,343,203,14,9,1,62,2,0,2,203,False,True
216635,Edinburgh_Place,1385,1383,1384,415,0,0,0,0,0,0,3,3,0,4,4,0,1377,1375,414,1,1,1,3,0,0,0,414,False,False
216687,Dam_Square,3656,3377,3558,1106,690,462,69,287,273,43,1170,1168,597,676,674,223,735,730,160,98,70,13,1903,709,0,649,87,True,True
216691,Wenceslas_Square,1056,1052,1048,474,11,9,0,21,21,1,74,74,33,34,34,14,908,908,425,8,6,1,104,34,1,34,179,True,True
216710,"Schwedenplatz,_Vienna",698,698,686,267,0,0,0,3,3,0,1,1,0,45,45,0,637,637,267,12,12,0,4,0,0,0,217,False,False
216823,Republic_Square_of_Yerevan,920,918,915,691,0,0,0,3,3,0,1,1,0,3,3,1,908,906,684,5,5,5,4,0,0,0,684,False,False
216870,Liberty_Square_(Taipei),233,232,233,214,0,0,0,0,0,0,0,0,0,0,0,0,233,232,214,0,0,0,0,0,0,0,214,False,False
216881,Náměstí_Přemysla_Otakara_II._(České_Budějovice),344,342,339,297,3,3,0,3,3,0,1,1,1,4,4,2,328,326,290,5,5,3,7,1,0,1,290,False,False
216914,Patan_Durbar_Square,1186,1177,1182,553,8,6,0,1,1,1,0,0,0,15,15,5,1158,1152,547,4,3,0,7,1,0,1,508,False,False
217061,Křižovnické_náměstí_(Prague),346,342,339,261,12,11,1,3,3,0,3,3,2,0,0,0,321,319,253,7,6,5,17,3,0,3,253,False,True
217156,Plaza_de_las_Pasiegas,405,404,404,379,0,0,0,0,0,0,0,0,0,0,0,0,404,403,378,1,1,1,0,0,0,0,378,False,False
217265,Praça_do_Comércio,1797,1775,1789,1005,20,9,1,31,29,7,33,33,2,45,44,3,1660,1653,990,8,7,2,71,10,0,10,903,True,True
217281,Malostranské_náměstí_(Prague),473,470,470,278,1,1,0,2,1,0,6,6,5,7,7,5,454,453,268,3,2,0,8,5,0,3,182,False,False
217282,Náměstí_Republiky_(Plzeň),268,266,266,194,0,0,0,0,0,0,2,2,0,1,1,0,263,262,194,2,1,0,2,0,0,0,194,False,False
217298,Piazza_del_Campo_(Siena),226,226,220,193,1,1,1,1,1,0,3,3,3,10,10,9,205,205,176,6,6,4,5,4,0,4,176,False,False
217305,Town_Hall_Square_(Tallinn),422,422,418,241,0,0,0,6,6,0,1,1,1,157,157,42,254,254,197,4,4,1,7,1,0,1,197,False,False
217311,Castle_square_in_Warsaw,551,531,540,357,20,3,0,15,14,3,13,13,4,12,12,5,480,479,341,11,10,3,30,7,0,5,293,False,True
217315,Markt_(Brugge),293,288,282,227,3,0,0,8,8,0,2,2,0,5,5,4,264,264,220,11,9,3,10,0,0,0,220,False,True
217326,"Plaza_Mayor,_Madrid",916,889,905,356,24,10,0,3,3,0,1,1,0,11,11,6,866,858,350,11,6,0,14,0,0,0,350,False,True
217330,Palace_Square,881,869,867,683,15,11,4,25,25,3,9,7,4,23,23,15,795,793,649,14,10,6,43,11,0,11,649,True,True
217358,Old_Town_Market_Square_in_Warsaw,449,439,434,323,12,6,0,32,31,0,36,36,17,10,10,6,344,343,295,15,13,4,73,17,0,17,295,True,True
217476,King_George_Square,1373,1370,1370,436,0,0,0,14,14,0,0,0,0,0,0,0,1356,1353,435,3,3,0,14,0,0,0,388,False,True
217495,Praça_da_Figueira,303,302,301,181,0,0,0,8,8,0,2,2,0,17,17,0,274,273,178,2,2,2,10,0,0,0,178,False,True
217506,Helsinki_Senate_Square,606,601,606,220,19,14,3,67,67,8,82,82,25,98,98,14,340,340,170,0,0,0,163,36,0,36,170,True,True
217512,Piazzale_Michelangelo,423,423,414,294,11,11,4,5,5,2,3,3,2,27,27,9,368,368,274,9,9,3,19,8,0,8,274,False,True
217513,Plaza_de_la_Constitución_(Mexico_City),1559,1541,1536,385,32,14,0,16,16,4,20,20,4,8,8,3,1460,1460,373,23,23,1,50,8,0,8,373,False,True
218207,Tartini_Square,319,318,316,254,1,1,0,7,7,2,6,6,2,2,2,1,300,299,246,3,3,2,14,4,0,4,177,False,True
218357,Piazza_De_Ferrari_(Genoa),543,542,540,439,4,3,0,3,3,1,1,1,1,0,0,0,532,532,435,3,3,2,7,2,0,2,435,False,False
218399,Praça_do_Império_(Lisbon),390,389,390,212,0,0,0,0,0,0,1,1,1,1,1,0,388,387,210,0,0,0,1,1,0,1,210,False,False
218424,Largo_di_Torre_Argentina,306,304,302,231,0,0,0,0,0,0,1,1,0,1,1,0,300,299,231,4,3,0,1,0,0,0,231,False,False
219016,Terreiro_da_Sé,435,432,425,317,0,0,0,1,1,0,3,3,2,5,5,5,416,414,304,10,9,5,4,2,0,1,232,False,False
219048,Piazzetta_San_Marco_(Venice),946,896,901,726,56,24,5,23,20,9,17,17,14,20,20,15,785,784,663,45,31,15,61,28,0,28,663,True,True
219182,Prešeren_Square,522,512,497,299,17,11,1,86,84,44,3,3,2,0,0,0,391,390,238,25,24,14,98,47,4,44,3,False,True
219784,"Rynok_Square,_Lviv",1714,1709,1687,1239,19,16,2,63,63,0,1,1,0,1,1,0,1603,1601,1236,27,27,1,80,2,1,2,729,False,True
219845,Piazza_Santo_Stefano_(Bologna),245,244,244,217,0,0,0,0,0,0,1,1,0,0,0,0,243,242,216,1,1,1,1,0,0,0,216,False,False
219998,"Plaza_de_la_Armería,_Madrid",270,268,262,214,1,1,1,4,4,0,1,1,1,4,4,2,252,251,203,8,7,7,6,2,0,2,203,False,False
220172,Horní_náměstí_(Olomouc),326,314,323,237,0,0,0,4,4,1,1,1,1,0,0,0,318,307,229,3,2,0,5,2,0,2,229,False,False
220192,Masarykovo_náměstí_(Třeboň),248,248,248,215,0,0,0,0,0,0,0,0,0,1,1,1,247,247,214,0,0,0,0,0,0,0,214,False,False
220571,"Altmarkt,_Dresden",801,776,777,315,50,40,14,77,69,12,113,109,4,37,37,3,500,499,279,24,22,3,218,30,0,30,279,True,True
221625,Western_Wall_Plaza,303,302,301,225,0,0,0,0,0,0,5,5,1,5,5,2,291,290,222,2,2,0,5,1,0,1,222,False,False
222933,Náměstí_Zachariáše_z_Hradce,628,621,625,516,0,0,0,0,0,0,0,0,0,1,1,1,624,618,511,3,2,0,0,0,0,0,511,False,False
229247,Heidelberg_Castle,1316,1265,1285,533,141,94,19,48,48,13,10,10,4,50,50,23,1036,1034,462,31,29,12,152,36,0,30,92,True,True
229360,Guggenheim_Museum_Bilbao,707,705,689,250,0,0,0,0,0,0,0,0,0,0,0,0,689,688,249,18,17,1,0,0,0,0,249,False,False
229392,Edinburgh_Castle,2966,2939,2946,1300,37,27,0,6,6,0,5,4,0,77,77,24,2821,2807,1270,20,18,6,37,0,0,0,976,False,True
229397,Frederiksborg_slot,855,829,850,382,28,15,0,6,3,2,1,1,1,9,9,7,806,797,370,5,4,2,19,3,0,3,370,False,True
229467,White_Tower_(Thessaloniki),351,349,337,263,2,2,2,20,18,0,0,0,0,2,2,1,313,313,260,14,14,0,20,2,0,2,260,False,True
229599,Tower_of_London,2588,2537,2556,1400,101,77,0,18,16,0,11,11,0,53,53,12,2373,2355,1382,32,25,5,104,0,0,0,1150,False,True
229609,Galata_Tower,859,857,848,576,15,13,0,5,5,0,5,5,0,9,9,1,814,814,570,11,11,5,23,0,0,0,280,False,True
229619,Nymphenburg_Palace,1474,1436,1449,340,17,6,1,43,43,2,3,3,3,6,6,3,1380,1359,330,25,19,1,52,6,1,6,330,False,True
229625,Wartburg_Castle,1748,1643,1715,423,120,64,0,47,27,0,108,108,51,45,45,22,1395,1368,349,33,31,0,199,51,0,51,200,True,True
229630,Burg_Eltz,376,364,366,245,7,4,2,4,4,0,0,0,0,1,1,0,354,351,242,10,4,1,8,2,0,2,242,False,False
229633,Moritzburg_Castle,836,828,828,395,16,13,1,45,45,0,72,72,0,31,31,10,664,660,382,8,7,2,130,1,0,1,382,False,True
229731,Prašná_brána,396,390,390,291,12,11,4,10,6,2,3,3,2,6,6,2,359,359,279,6,5,2,20,8,0,8,279,False,True
229989,Festung_Hohensalzburg,1462,1421,1439,636,48,20,0,39,37,0,6,6,3,27,27,10,1319,1318,613,23,13,10,63,3,0,3,613,False,True
230033,Schloss_Schwetzingen,457,450,454,176,5,2,0,1,0,0,1,1,0,0,0,0,447,447,176,3,0,0,3,0,0,0,176,False,False
230101,Gravensteen_(Ghent),509,507,502,328,18,17,1,16,16,2,0,0,0,15,15,1,453,452,321,7,7,3,33,3,0,2,220,False,True
230464,Belfry_of_Ghent,317,313,310,208,6,4,0,4,4,0,0,0,0,0,0,0,300,300,206,7,5,2,8,0,0,0,206,False,False
230663,Schloss_Weimar,438,425,434,143,14,7,0,17,17,0,22,22,3,22,22,9,359,353,130,4,4,1,46,3,0,3,102,False,True
231641,Secession_Hall_(Austria),316,313,314,218,2,2,1,4,3,0,1,1,1,4,4,2,303,302,213,2,1,1,6,2,0,2,213,False,False
231811,Palace_Museum,1048,1044,1048,179,0,0,0,0,0,0,0,0,0,0,0,0,1048,1044,179,0,0,0,0,0,5,0,147,False,False
231915,Nieuwe_Kerk_(Amsterdam),1364,1336,1292,236,127,116,34,59,59,14,711,711,46,150,142,34,245,243,97,72,65,11,886,94,0,94,97,True,True
232008,Tower_of_David,1682,1673,1659,1035,27,24,7,123,119,0,43,43,10,19,19,3,1447,1445,1013,23,23,2,186,17,0,17,885,True,True
232703,Matenadaran,1121,1082,1055,419,60,46,0,0,0,0,1,1,1,4,4,0,990,975,415,66,56,2,47,1,0,1,415,False,True
233692,Castello_Estense_(Ferrara),1047,888,1037,546,2,2,2,3,3,1,3,3,2,9,9,1,1020,869,515,10,2,0,8,5,3,3,346,False,False
233865,Belfry_of_Brugge,535,534,529,399,11,10,2,8,8,1,3,3,1,5,5,4,502,502,386,6,6,5,21,4,0,3,276,False,True
234202,Sky100,537,537,530,266,0,0,0,0,0,0,0,0,0,0,0,0,530,530,266,7,7,0,0,0,1,0,266,False,False
236025,London_Eye,3605,3603,3580,2123,1,1,1,0,0,0,0,0,0,6,6,6,3573,3571,2098,25,25,17,1,1,0,1,2061,False,False
236437,Kohtuotsa_viewing_platform,278,278,272,220,0,0,0,0,0,0,0,0,0,1,1,0,271,271,217,6,6,3,0,0,0,0,217,False,False
236614,Castle_(Sirmione),430,427,427,302,2,1,1,3,3,1,1,1,1,1,1,1,420,420,298,3,1,0,5,3,0,3,233,False,False
237531,Santa_Caterina_delle_Ruote_(Bagno_a_Ripoli),307,97,306,222,0,0,0,0,0,0,0,0,0,0,0,0,306,97,52,1,0,0,0,0,0,0,52,False,False
238964,Genoese_fortress_(Sudak),1515,1500,1488,862,7,6,0,19,13,0,0,0,0,2,2,0,1460,1460,860,27,19,2,19,0,1,0,860,False,True
239019,Eiffel_Tower,10812,10670,10666,0,273,216,0,286,264,0,49,46,0,181,177,0,9877,9842,0,146,125,0,526,0,,0,0,False,True
239020,Space_Needle,1163,1160,1150,363,0,0,0,0,0,0,43,42,0,38,36,4,1069,1069,357,13,13,2,42,0,0,0,357,False,True
239024,Tokyo_Skytree,1711,1709,1706,882,0,0,0,0,0,0,0,0,0,0,0,0,1706,1704,882,5,5,0,0,0,2,0,338,False,False
239894,Olympiaturm,883,881,880,294,0,0,0,0,0,0,7,7,0,12,12,1,861,860,293,3,2,0,7,0,0,0,293,False,False
241454,Grand_Parc_du_Puy_du_Fou,1048,1046,728,312,0,0,0,0,0,0,0,0,0,0,0,0,728,726,142,320,320,169,0,0,7,0,82,False,False
242843,Shin_Leh_Yuan_Art_Space,593,593,593,253,0,0,0,0,0,0,0,0,0,0,0,0,593,593,253,0,0,0,0,0,2,0,253,False,False
243184,"Natural_History_Museum,_London",2527,2502,2512,553,19,13,1,6,4,0,0,0,0,15,12,3,2472,2461,547,15,12,2,17,1,0,1,269,False,True
243196,Naturhistorisches_Museum_Wien,758,733,752,331,25,11,3,7,5,0,1,1,1,2,2,0,717,708,314,6,6,2,17,4,0,3,241,False,True
247288,Sant'Apollinare_Nuovo_(Ravenna),572,493,543,359,2,1,1,15,9,6,0,0,0,0,0,0,526,458,271,29,25,12,10,7,0,7,206,False,True
247300,Santa_Caterina_del_Sasso,512,362,484,241,2,2,0,0,0,0,0,0,0,2,2,0,480,347,155,28,11,8,2,0,2,0,90,False,False
247403,Sacra_di_San_Michele,1663,1644,1656,889,9,3,0,0,0,0,0,0,0,0,0,0,1647,1635,880,7,6,1,3,0,9,0,261,False,False
247565,Vittoriano_(Rome),1304,1271,1281,802,2,0,0,53,51,10,5,5,2,15,15,4,1206,1191,780,23,9,6,56,12,0,12,780,True,True
247846,Piazza_San_Marco_(Venice)_-_Clock_tower,277,274,271,228,17,15,10,2,2,1,3,3,3,9,9,7,240,240,202,6,5,5,20,14,0,14,202,True,True
248061,Torre_della_Lanterna_(Genoa),719,719,712,206,9,9,0,1,1,0,0,0,0,1,1,0,701,701,206,7,7,0,10,0,0,0,206,False,True
248064,Porta_Soprana_(Genoa),427,427,425,326,0,0,0,3,3,2,0,0,0,2,2,2,420,420,322,2,2,0,3,2,0,2,322,False,False
250248,HMS_Belfast_(C35),1016,1013,1014,237,0,0,0,36,35,0,15,15,0,27,27,5,936,934,232,2,2,0,50,0,1,0,232,False,True
250252,Cardiff_Castle,1043,1031,1039,457,17,11,2,6,6,5,0,0,0,3,3,0,1013,1008,449,4,3,1,17,7,0,7,449,False,True
251844,Fantasy_of_Flight,2989,2987,2986,709,0,0,0,0,0,0,0,0,0,0,0,0,2986,2985,708,3,2,1,0,0,2,0,652,False,False
256748,Ebrat_Museum,228,227,228,202,0,0,0,0,0,0,0,0,0,0,0,0,228,227,201,0,0,0,0,0,0,0,201,False,False
260338,Machu_Picchu,3080,3059,3053,1169,0,0,0,9,9,0,2,2,1,68,68,10,2974,2966,1150,27,14,8,11,1,0,1,1132,False,True
260418,Mong_Kok,6856,6846,6845,212,1,0,0,0,0,0,0,0,0,0,0,0,6844,6835,210,11,11,0,0,0,26,0,61,False,False
260478,"Kronentor_(Zwinger,_Dresden)",467,457,443,259,10,9,1,21,20,2,61,61,37,134,131,69,217,217,133,24,19,16,90,40,0,40,133,True,True
260501,Graslei,321,317,320,226,8,8,0,7,7,1,0,0,0,16,15,5,289,286,219,1,1,1,15,1,0,1,219,False,True
260530,Building_of_the_General_Staff,602,590,596,327,21,17,7,19,17,8,3,2,2,12,12,10,541,537,300,6,5,0,36,17,0,17,300,True,True
260828,Keukenhof,5255,5253,5242,453,0,0,0,0,0,0,498,498,0,199,199,0,4545,4543,453,13,13,0,498,0,0,0,453,False,True
260897,Yellowstone_National_Park,11048,10752,10764,460,300,243,0,649,547,3,53,51,0,324,312,15,9438,9346,435,284,253,6,841,3,0,3,297,False,True
260899,Mount_Vesuvius,2224,1909,2074,170,424,182,0,381,366,0,8,8,0,38,37,2,1223,1190,167,150,126,1,556,0,0,0,167,False,True
260901,Berlin_Hauptbahnhof,1489,1485,1484,275,7,6,0,12,11,0,11,11,0,11,11,0,1443,1441,275,5,5,0,28,0,1,0,275,False,True
260902,Matterhorn,1604,1598,1550,583,22,20,2,182,182,1,19,19,5,43,43,21,1284,1282,537,54,52,17,221,8,0,8,537,False,True
260907,Chichén_Itzá,3385,3337,3276,1064,61,53,6,486,470,5,21,20,3,193,193,14,2515,2506,1011,109,95,25,543,14,2,7,43,False,True
260909,Statue_of_Liberty,3206,3077,3076,808,181,126,1,85,80,0,19,19,2,360,353,6,2431,2380,794,130,119,5,225,3,0,2,763,False,True
260911,Grand_Central_Terminal,4146,4070,4073,982,25,20,0,206,192,6,78,77,2,25,24,4,3739,3691,968,73,66,0,289,8,3,5,684,False,True
261045,Mont_Saint-Michel,3385,3344,3295,1033,88,63,3,79,79,3,47,47,5,69,69,24,3012,3003,979,90,83,19,189,11,0,8,687,False,True
261047,Brühl's_Terrace,677,657,663,350,47,38,4,40,39,5,24,24,8,65,59,29,487,484,300,14,13,2,101,17,0,17,300,True,True
261048,Niagara_Falls,2529,2333,2359,193,293,158,0,155,131,0,30,29,0,56,56,0,1825,1811,191,170,148,2,318,0,1,0,191,False,True
261058,Elizabeth_Tower,1828,1823,1811,1127,9,6,1,17,16,0,9,9,1,32,32,8,1744,1743,1109,17,17,8,31,2,0,2,1109,False,True
261059,Ephesus,2906,2720,2768,375,67,46,0,7,4,0,51,51,3,58,56,8,2585,2451,333,138,112,7,101,3,2,2,68,False,True
261060,Terracotta_Army,1798,1790,1786,309,0,0,0,0,0,0,0,0,0,4,4,1,1782,1774,302,12,12,6,0,0,0,0,217,False,False
261065,Checkpoint_Charlie,584,583,573,285,0,0,0,0,0,0,52,52,6,110,110,17,411,410,261,11,11,1,52,6,0,6,261,False,True
261074,Grand_Canyon,8155,7976,7959,1418,132,121,0,381,365,32,51,27,0,433,416,24,6962,6872,1352,196,175,10,513,32,0,32,979,True,True
261079,Luxor,4406,4314,4326,597,182,145,16,194,190,3,13,13,0,144,144,19,3793,3751,545,80,71,9,348,19,3,13,173,True,True
261080,Acropolis_of_Athens,1951,1909,1924,474,69,44,0,57,52,0,17,17,0,17,17,3,1764,1761,470,27,18,1,113,0,0,0,296,False,True
261081,Alcatraz_Island,2007,1981,1962,317,17,15,0,119,115,0,30,29,0,25,25,0,1771,1756,315,45,41,2,159,0,2,0,315,False,True
261085,Reichstag_(building),2526,2499,2508,1205,68,59,0,134,130,0,69,64,1,77,76,10,2160,2152,1188,18,18,6,253,1,0,1,913,False,True
261088,Rothenburg_ob_der_Tauber,12474,12358,12286,1886,96,62,3,143,123,8,97,97,12,45,44,5,11905,11864,1852,188,168,6,282,23,15,21,704,True,True
261089,Victoria_Harbour,2046,2041,2013,592,48,46,0,33,33,0,22,21,0,33,33,2,1877,1876,583,33,32,7,100,0,5,0,190,False,True
261090,Central_Park,8146,7822,7089,442,315,108,0,453,406,0,115,102,0,159,154,4,6047,6020,436,1057,1032,2,616,0,2,0,128,False,True
261092,Hoover_Dam,1490,1457,1454,668,0,0,0,354,329,10,3,3,1,29,29,16,1068,1065,633,36,31,7,332,11,0,11,633,True,True
261095,Yosemite_National_Park,5839,5609,5454,1310,397,368,39,477,414,30,51,48,1,201,192,19,4328,4233,1148,385,354,73,830,70,1,64,801,True,True
261097,Montmartre,4972,4854,4858,1687,177,122,1,121,109,13,26,26,7,60,59,15,4474,4447,1629,114,91,17,257,21,0,20,995,True,True
261099,Monument_Valley,832,819,813,161,0,0,0,3,1,0,1,1,0,97,96,4,712,707,155,19,14,2,2,0,0,0,155,False,False
261100,Downing_Street,1171,1162,1164,347,4,1,0,17,17,0,18,17,2,40,40,16,1085,1080,328,7,7,0,35,2,0,2,173,False,True
261111,Table_Mountain,1733,1697,1714,443,32,14,0,17,16,0,1,1,0,3,3,0,1661,1651,442,19,12,1,31,0,0,0,156,False,True
261112,Torre_de_Belém,2416,2403,2403,1663,10,9,1,10,8,0,4,4,3,10,10,9,2369,2362,1640,13,10,6,21,4,0,4,1535,False,True
261113,Piccadilly_Circus,1026,1014,1016,569,12,10,1,26,23,4,28,27,5,54,54,16,896,895,542,10,5,1,60,10,0,10,542,True,True
261178,"Niagara_Falls,_Ontario",4367,4174,4125,213,254,122,0,170,148,0,41,40,0,76,76,0,3584,3567,196,242,221,17,310,0,0,0,174,False,True
261181,Caernarfon_Castle,526,504,511,283,27,19,0,8,4,1,12,11,8,13,13,9,451,446,256,15,11,9,34,9,0,9,256,False,True
261187,Canal_Grande_(Venice),2230,2205,2190,871,47,33,6,18,17,1,17,17,3,51,51,9,2057,2054,841,40,33,11,67,10,8,5,85,False,True
261188,Jardin_du_Luxembourg,1259,1205,1228,173,71,45,7,99,93,11,31,31,0,5,5,2,1022,1014,151,31,17,2,169,18,0,18,151,True,True
261208,Nördlingen,3798,3751,3743,404,54,33,0,31,30,0,9,8,0,22,21,6,3627,3616,398,55,43,0,71,0,0,0,398,False,True
261221,Fountains_Abbey,726,712,720,263,12,11,0,10,4,0,0,0,0,10,10,1,688,684,262,6,3,0,15,0,0,0,262,False,True
263062,Whitby_Abbey,563,561,557,334,17,17,9,1,1,0,2,0,0,5,5,4,532,532,316,6,6,5,18,9,0,9,316,False,True
263443,Peter_&_Paul_Fortress,1465,1445,1453,291,18,7,0,10,10,0,3,3,0,23,23,1,1399,1394,289,12,8,1,20,0,2,0,238,False,True
263706,Matsumoto_Castle,496,495,485,309,1,1,0,1,1,0,0,0,0,4,4,3,479,478,297,11,11,9,2,0,0,0,297,False,False
263980,"Military-historical_Museum_of_Artillery,_Engineer_and_Signal_Corps",487,487,474,255,0,0,0,0,0,0,0,0,0,5,5,1,469,469,253,13,13,1,0,0,0,0,253,False,False
264304,Glacier_Point,291,289,286,199,4,4,4,26,26,8,4,3,1,10,10,8,242,241,176,5,5,2,33,13,0,13,176,True,True
264482,Egyptian_Museum_(Cairo),2974,2907,2893,316,37,31,2,190,185,4,25,25,0,21,21,4,2620,2576,304,81,69,2,241,6,1,1,174,False,True
264784,Osaka_Castle_Keep_Tower,408,407,404,247,0,0,0,4,4,0,0,0,0,3,3,1,397,397,244,4,3,2,4,0,0,0,244,False,False
265116,Malostranská_mostecká_věž,327,313,321,226,7,3,0,6,2,1,3,3,3,7,5,5,298,298,215,6,2,2,8,4,0,4,215,False,False
265180,Staroměstská_mostecká_věž,548,530,543,380,20,12,6,12,6,3,4,4,3,11,11,3,496,494,363,5,3,1,22,12,0,12,363,True,True
265212,Giotto's_Bell_Tower,613,605,602,472,9,3,1,5,5,2,2,2,2,7,7,7,579,577,453,11,11,6,10,5,0,5,453,False,True
265411,Munttoren,616,544,557,296,216,164,87,122,119,58,73,72,42,23,21,15,123,121,68,59,47,25,355,187,0,187,68,True,True
265514,Musamman_Burj_(Agra_Fort),545,537,542,411,10,10,4,14,14,10,0,0,0,3,3,3,515,507,391,3,3,1,24,14,1,8,48,False,True
265590,Town_Hall_Tower_in_Kraków,402,398,397,293,4,1,1,3,2,0,0,0,0,1,1,1,389,389,289,5,5,2,3,1,0,1,289,False,False
265786,Montelbaanstoren,302,299,279,197,72,71,51,61,59,29,13,13,8,19,19,17,114,114,74,23,23,18,143,88,0,88,74,True,True
265825,Söyembikä_Tower,235,231,231,192,8,5,2,0,0,0,0,0,0,2,2,1,221,220,187,4,4,2,5,2,0,2,187,False,False
266524,Tour_Saint-Nicolas_(La_Rochelle),288,273,281,194,7,2,0,22,17,0,1,0,0,11,11,5,240,239,187,7,4,2,19,0,0,0,187,False,True
268243,Victoria_Tower,359,355,353,260,3,1,0,4,4,0,0,0,0,4,4,2,342,341,255,6,5,2,5,0,0,0,255,False,False
271891,"Paris_-_Eiffel_Tower,_Paris_Las_Vegas",342,342,339,259,2,2,2,0,0,0,1,1,1,2,2,0,334,334,254,3,3,2,3,3,0,3,254,False,False
271957,Castello_Sforzesco_(Milan)_-_Filarete_Tower,354,347,348,271,0,0,0,2,2,1,2,2,0,2,2,1,342,336,261,6,5,3,4,1,0,1,261,False,False
272242,Gangneung_Fire_Station,3054,3054,3054,1290,0,0,0,0,0,0,0,0,0,0,0,0,3054,3054,1290,0,0,0,0,0,1,0,1129,False,False
272650,Leaning_Tower_(Pisa),1451,1449,1428,988,21,21,3,18,18,2,6,6,3,38,38,30,1345,1345,942,23,21,8,45,8,0,8,942,False,True
272651,Ghirlandina_(Modena),389,389,388,252,0,0,0,0,0,0,1,1,0,2,2,1,385,385,251,1,1,0,1,0,0,0,251,False,False
272653,Prague_Astronomical_Clock,1524,1495,1504,924,14,12,2,10,6,1,4,4,3,13,12,6,1463,1447,902,20,14,4,22,6,0,6,902,False,True
272656,Giralda,862,858,855,614,11,11,5,7,5,2,3,3,3,21,21,16,813,812,584,7,6,3,19,10,0,8,365,False,True
272887,Saint_Sophia_Cathedral_in_Kyiv_bell_tower,343,343,341,233,1,1,0,1,1,0,0,0,0,5,5,2,334,334,230,2,2,1,2,0,0,0,230,False,False
273147,Torre_dos_Clérigos,918,909,907,696,6,2,0,5,5,2,5,5,3,7,7,7,884,881,674,11,9,9,12,5,0,4,525,False,True
275801,Qutb_Minar,3529,3515,3499,2575,26,25,3,10,10,0,2,2,0,1,1,1,3460,3447,2542,30,30,17,37,3,0,3,2542,False,True
276021,Clifford's_Tower,475,473,471,250,1,1,0,0,0,0,1,1,0,21,21,7,448,448,242,4,2,1,2,0,0,0,242,False,False
276301,Torre_degli_Asinelli_(Bologna),583,583,573,233,3,3,0,3,3,0,10,10,1,4,4,1,553,553,230,10,10,1,16,1,0,1,230,False,True
276568,Sighișoara_clock_tower,335,335,334,260,0,0,0,2,2,1,4,4,4,3,3,3,325,325,251,1,1,1,6,5,0,5,251,False,False
276580,Jaffa_Clock_Tower,329,329,326,255,0,0,0,7,7,1,4,4,0,0,0,0,315,315,254,3,3,0,11,1,0,1,254,False,True
277487,Nagoya_TV_Tower,507,507,505,274,0,0,0,0,0,0,1,1,0,0,0,0,504,504,274,2,2,0,1,0,0,0,246,False,False
278641,"Five-storied_Pagoda,_Toji",271,271,268,218,0,0,0,0,0,0,0,0,0,1,1,1,267,267,214,3,3,3,0,0,0,0,214,False,False
278758,Jan_Hus_Memorial_(Old_Town_Square),278,278,272,242,1,1,0,4,4,1,4,4,2,3,3,3,260,260,231,6,6,5,9,3,0,3,231,False,False
278791,Michelangelo's_David,862,810,845,477,6,6,4,4,4,2,1,1,0,7,7,3,827,779,423,17,13,10,11,6,0,6,423,False,True
278797,Nike_of_Samothrace,332,316,319,209,3,2,0,5,5,1,1,1,1,10,9,6,300,294,189,13,5,3,8,2,0,2,189,False,False
278901,Puits_de_Moïse,290,285,281,194,7,6,0,9,7,0,0,0,0,0,0,0,265,265,193,9,7,1,13,0,0,0,193,False,True
279835,Monument_à_la_République,454,451,450,221,8,6,4,10,10,2,1,1,0,0,0,0,431,430,212,4,4,2,17,6,0,6,175,False,True
293542,Igreja_Nosso_Senhor_do_Bonfim_(Pirenópolis),539,539,538,303,0,0,0,0,0,0,0,0,0,0,0,0,538,538,303,1,1,0,0,0,0,0,236,False,False
293902,"Grote_Kerk,_Haarlem",1985,1897,1889,432,464,389,16,88,85,11,182,182,20,622,621,116,533,529,241,96,91,27,656,47,0,32,135,True,True
298577,"Templo_de_Santo_Domingo,_Cochabamba",1051,1051,1051,956,12,12,12,0,0,0,0,0,0,0,0,0,1039,1039,944,0,0,0,12,12,0,12,884,True,True
302665,Saint_Martin_of_Tours_Parish_Church_of_Bocaue,500,498,500,239,0,0,0,0,0,0,0,0,0,0,0,0,500,498,239,0,0,0,0,0,0,0,239,False,False
303471,St._Gayane,529,521,527,227,0,0,0,1,1,0,0,0,0,0,0,0,526,519,223,2,1,1,1,0,0,0,223,False,False
311918,Grossmünster,975,938,959,499,47,29,1,19,19,0,3,3,2,5,4,1,885,873,494,16,10,1,51,3,0,2,416,False,True
314781,"Karlskirche,_Vienna",424,420,419,341,5,4,0,6,3,3,1,1,1,2,2,2,405,405,330,5,5,5,8,4,0,4,330,False,False
316801,St._Georg_(Ochsenhausen),326,288,307,190,3,3,3,0,0,0,0,0,0,30,30,2,274,253,158,19,2,2,3,3,0,3,158,False,False
317522,"Saint_Gregory_Church,_Sisian",499,499,499,242,3,3,0,0,0,0,0,0,0,0,0,0,496,496,242,0,0,0,3,0,0,0,242,False,False
321122,Holy_Mother_of_God_in_Noravank_Monastery,329,327,325,294,0,0,0,0,0,0,0,0,0,10,10,7,315,314,286,4,3,1,0,0,0,0,286,False,False
322496,"St._Hripsime_church,_Vagharshapat",465,453,462,282,13,4,1,8,7,0,0,0,0,0,0,0,441,440,280,3,2,1,11,1,0,1,280,False,True
322970,Karmravor,1093,1092,1083,773,0,0,0,0,0,0,0,0,0,0,0,0,1083,1083,764,10,9,9,0,0,0,0,764,False,False
330669,"Iglesia_y_Convento_de_Santa_Teresa,_Cochabamba",534,534,534,270,15,15,12,0,0,0,0,0,0,0,0,0,519,519,258,0,0,0,15,12,0,12,258,True,True
333490,"St._Johann,_Rapperswil",484,479,484,238,2,0,0,5,5,0,0,0,0,0,0,0,477,474,238,0,0,0,5,0,0,0,238,False,False
334673,"Saint_James_the_Greater_Church_(Plaridel,_Bulacan)",1190,1186,1189,530,0,0,0,0,0,0,0,0,0,0,0,0,1189,1186,530,1,0,0,0,0,1,0,267,False,False
353312,St._George's_Parish_Church_(Piran),566,561,561,363,2,1,0,7,6,0,2,2,1,0,0,0,550,548,358,5,4,3,9,1,1,1,294,False,False
356402,Odzun_Church,1018,1013,1012,631,0,0,0,0,0,0,0,0,0,13,13,3,999,997,625,6,3,2,0,0,0,0,546,False,False
356625,Church_of_the_Ascension_of_Christ_(Skopje),344,344,340,219,0,0,0,3,3,1,0,0,0,0,0,0,337,337,217,4,4,1,3,1,0,1,217,False,False
364525,Sts._Clement_and_Pantaleon_Church_(Ohrid),330,330,322,221,0,0,0,0,0,0,0,0,0,0,0,0,322,322,217,8,8,4,0,0,0,0,217,False,False
365693,Tsiranavor,565,565,564,438,0,0,0,0,0,0,0,0,0,0,0,0,564,564,437,1,1,1,0,0,1,0,331,False,False
367166,Church_of_Panayia_(The_Virgin)_tou_Arakou,578,22,578,208,0,0,0,0,0,0,1,0,0,561,6,0,16,16,4,0,0,0,0,0,1,0,4,False,False
373910,Westerkerk_(Amsterdam),967,946,919,434,56,47,21,82,80,25,155,155,90,72,69,29,554,551,246,48,44,20,282,136,2,96,184,True,True
376893,Santa_Maria_della_Consolazione_(Todi),738,732,734,461,5,3,0,2,0,0,2,2,0,0,0,0,725,725,459,4,2,2,5,0,0,0,404,False,False
380320,St._Nicholas_Church_(Varoš),401,2,2,324,1,0,0,0,0,0,0,0,0,0,0,0,1,1,0,399,1,0,0,0,,0,0,False,False
388183,Basílica_del_Voto_Nacional,653,653,652,310,0,0,0,0,0,0,0,0,0,0,0,0,652,652,310,1,1,0,0,0,0,0,310,False,False
388504,Geghard,2433,2431,2425,1626,1,1,0,3,3,0,0,0,0,29,29,19,2392,2392,1604,8,6,3,4,0,0,0,1028,False,False
391909,Church_of_Our_Lady_in_front_of_Týn,985,962,968,683,21,14,6,15,6,3,5,5,5,9,8,7,918,916,651,17,13,10,25,14,0,14,651,True,True
391936,Santuário_do_Bom_Jesus_de_Matosinhos,477,473,471,234,4,3,1,2,2,0,1,1,0,1,1,0,463,461,230,6,5,2,6,1,0,1,230,False,False
392080,"Saints_Olha_and_Elizabeth_church,_Lviv",311,307,304,197,5,5,4,5,1,0,0,0,0,0,0,0,294,294,193,7,7,0,6,4,0,4,193,False,False
407535,Fraumünster,868,817,855,207,39,32,0,9,7,1,0,0,0,2,2,2,805,767,203,13,9,1,39,1,3,1,203,False,True
408077,St._John_of_Mastara,317,316,316,227,0,0,0,0,0,0,0,0,0,0,0,0,316,315,226,1,1,1,0,0,0,0,226,False,False
411340,Annunciation_Church_(Ljubljana),491,469,456,263,19,10,0,45,42,0,5,5,2,0,0,0,387,381,256,35,31,2,57,2,0,2,256,False,True
417167,Saint_Nicholas_of_Tolentino_Temple_and_Convent_of_Actopan,936,936,935,370,0,0,0,0,0,0,1,1,0,1,1,1,933,933,368,1,1,1,1,0,0,0,240,False,False
418242,Sant'Agnese_in_Agone_(Rome),389,385,380,330,5,3,2,2,2,1,2,2,1,6,6,4,365,363,313,9,9,9,7,4,1,4,237,False,False
420802,"Divine_Shepherdess_Shrine_in_Gapan,_Nueva_Ecija",384,384,384,238,0,0,0,0,0,0,0,0,0,0,0,0,384,384,238,0,0,0,0,0,0,0,238,False,False
422916,Église_priorale_Saint-Loup_de_Saint-Loup-de-Naud,346,328,336,194,12,12,0,1,0,0,1,1,0,0,0,0,322,307,180,10,8,2,13,0,0,0,180,False,True
428134,Casa_de_Oração_da_Ordem_Terceira_do_Carmo_e_Igreja_da_Ordem_Terceira_do_Carmo_(Cachoeira),629,619,629,342,0,0,0,0,0,0,0,0,0,0,0,0,629,619,333,0,0,0,0,0,0,0,333,False,False
437253,San_Lorenzo_(Turin),219,218,124,141,1,0,0,0,0,0,0,0,0,0,0,0,123,123,79,95,95,62,0,0,0,0,79,False,False
437569,Ashtarak_Marine_church,619,619,619,352,0,0,0,0,0,0,0,0,0,0,0,0,619,619,352,0,0,0,0,0,0,0,276,False,False
437579,Saint_Holy_Mother_church_of_Yeghvard,778,778,777,534,0,0,0,0,0,0,0,0,0,0,0,0,777,777,533,1,1,1,0,0,0,0,533,False,False
440249,"Nuestra_Señora_de_la_Merced_Parish_Church_(Bahay_Pare,_Candaba,_Pampanga)",502,502,502,382,0,0,0,0,0,0,0,0,0,0,0,0,502,502,382,0,0,0,0,0,0,0,210,False,False
454969,Church_of_Saint_Nicholas_in_Malá_Strana,615,594,602,372,9,5,3,8,4,1,1,1,0,6,6,4,578,572,356,13,6,3,10,4,1,4,248,False,True
