scene,model,pre-1970,1970-1999,2000+,undated
Dam_Square,0,656,177,86,7
Cathédrale_Notre-Dame_de_Paris,0,113,28,3133,96
Taj_Mahal,0,47,13,4605,84
Dam_Square,4,37,45,1,0
Alhambra,9,34,40,904,17
Saint_Peter's_Basilica,1,27,5,1069,35
St._Paul's_Cathedral,0,22,8,1697,32
Alhambra,8,21,14,487,12
Rothenburg_ob_der_Tauber,15,21,5,636,72
Tower_Bridge,0,17,43,2410,52
Cathédrale_Notre-Dame_de_Strasbourg,0,17,10,1692,29
Saint_Peter's_Basilica,0,11,9,1055,19
Empire_State_Building,1,9,19,722,15
Palace_of_Versailles,9,9,2,217,4
Old_Town_Hall_(Prague),0,7,9,2493,19
Palace_of_Versailles,22,6,2,197,6
Prague_Castle,0,5,1,761,8
Grand_Central_Terminal,3,5,1,683,4
Palace_of_Versailles,0,5,0,170,8
Palace_of_Versailles,7,4,3,493,4
Grand_Central_Terminal,0,3,1,217,4
Taj_Mahal,2,3,0,359,8
Cathédrale_Notre-Dame_de_Paris,9,3,0,117,2
Sagrada_Família,0,2,7,2008,77
Statue_of_Liberty,0,2,5,728,42
Rothenburg_ob_der_Tauber,16,2,0,69,4
Brooklyn_Bridge,0,1,9,986,14
Alhambra,3,1,2,267,9
Prague_Castle,3,1,1,134,3
St._Paul's_Cathedral,2,1,1,124,4
Taj_Mahal,3,1,0,151,10
Cathédrale_Notre-Dame_de_Strasbourg,1,0,6,481,10
Cathédrale_Notre-Dame_de_Paris,2,0,4,760,11
Saint_Peter's_Basilica,2,0,3,343,11
Prague_Castle,2,0,2,348,5
Alhambra,5,0,2,123,4
Alhambra,39,0,2,50,0
Times_Square,2,0,1,928,29
Empire_State_Building,3,0,1,349,8
St._Paul's_Cathedral,3,0,1,123,4
Empire_State_Building,8,0,1,74,0
Dam_Square,1,0,1,68,1
Sagrada_Família,1,0,0,874,7
Washington_Monument,2,0,0,255,8
Cathédrale_Notre-Dame_de_Paris,19,0,0,207,3
Times_Square,3,0,0,205,0
Old_Town_Hall_(Prague),13,0,0,201,0
Prague_Castle,4,0,0,200,3
Rothenburg_ob_der_Tauber,13,0,0,191,1
Brooklyn_Bridge,5,0,0,179,5
Old_Town_Hall_(Prague),22,0,0,175,0
Times_Square,7,0,0,149,0
Taj_Mahal,11,0,0,140,3
Old_Town_Hall_(Prague),7,0,0,126,0
Rothenburg_ob_der_Tauber,27,0,0,119,4
Times_Square,1,0,0,115,0
Times_Square,4,0,0,112,0
Old_Town_Hall_(Prague),3,0,0,109,4
Rothenburg_ob_der_Tauber,26,0,0,107,3
Times_Square,15,0,0,107,1
Times_Square,14,0,0,92,0
Old_Town_Hall_(Prague),1,0,0,89,0
Cathédrale_Notre-Dame_de_Paris,11,0,0,86,0
Old_Town_Hall_(Prague),12,0,0,85,0
Rothenburg_ob_der_Tauber,20,0,0,85,0
Rothenburg_ob_der_Tauber,33,0,0,85,2
Alhambra,23,0,0,83,0
Prague_Castle,7,0,0,81,1
Cathédrale_Notre-Dame_de_Paris,32,0,0,78,0
Times_Square,23,0,0,78,0
Rothenburg_ob_der_Tauber,0,0,0,77,16
Cathédrale_Notre-Dame_de_Strasbourg,35,0,0,76,0
Times_Square,9,0,0,74,0
Cathédrale_Notre-Dame_de_Paris,13,0,0,71,1
Rothenburg_ob_der_Tauber,24,0,0,66,19
Tower_Bridge,5,0,0,66,1
Tower_Bridge,6,0,0,64,2
Old_Town_Hall_(Prague),8,0,0,59,0
Times_Square,10,0,0,56,0
Alhambra,43,0,0,53,1
Empire_State_Building,0,0,0,53,1
Times_Square,5,0,0,53,0
Times_Square,6,0,0,53,0
Alhambra,13,0,0,52,1
Palace_of_Versailles,3,0,0,52,1
Times_Square,8,0,0,51,0
Times_Square,16,0,0,51,0
Rothenburg_ob_der_Tauber,18,0,0,46,5
Palace_of_Versailles,1,0,0,45,12
Rothenburg_ob_der_Tauber,31,0,0,34,72
